DECAY,PRIOR_SEASON_W,PRIOR_K,REC_SLOPE,props,brier,sum_p,sum_y,top15_hit,top15_exp,b15,b20,b25,b30,b35,b40,b45,qb_n,qb_pred,qb_act,qb_brier,qb_mobile,qb_pocket
0.8,0.3,1.5,0.45,2539,0.13645,56.17,60.0,7.75,7.904,17.4/16.7/281,22.5/22.1/235,27.4/29.8/228,32.5/39.5/157,37.3/34.3/143,42.3/42.5/80,47.4/54.1/37,232,0.1307,0.1638,0.13084,26.0/36.2/47,10.0/11.0/181
0.8,0.3,3.0,0.35,2539,0.13608,55.39,60.0,7.875,7.606,17.3/17.5/246,22.4/21.5/247,27.4/31.4/223,32.3/38.9/180,37.2/33.8/139,42.2/47.9/73,46.9/45.5/33,232,0.1285,0.1638,0.13068,26.0/36.2/47,9.7/11.0/181
0.8,0.3,5.0,0.25,2539,0.13601,54.51,60.0,7.625,7.297,17.4/16.9/243,22.5/21.9/228,27.4/33.9/233,32.3/36.8/201,37.3/34.7/124,42.3/43.6/78,47.6/57.7/26,232,0.1275,0.1638,0.13087,26.0/36.2/47,9.6/11.0/181
0.8,0.3,5.0,0.6,2539,0.13598,54.55,60.0,7.625,7.322,17.4/16.3/240,22.5/22.6/230,27.4/33.3/231,32.3/37.6/197,37.3/33.9/124,42.3/45.6/79,47.5/51.7/29,232,0.1275,0.1638,0.13088,26.0/36.2/47,9.6/11.0/181
0.8,0.55,1.5,0.45,2539,0.1364,56.45,60.0,7.875,7.885,17.4/16.4/298,22.6/19.9/241,27.5/32.9/225,32.6/39.5/167,37.5/33.1/133,42.2/43.0/79,47.3/51.4/37,232,0.1331,0.1638,0.13114,26.0/36.2/47,10.3/11.0/181
0.8,0.55,3.0,0.35,2539,0.13601,55.65,60.0,7.875,7.593,17.3/16.5/260,22.5/21.1/247,27.4/32.9/219,32.3/38.9/190,37.4/32.6/135,42.2/45.7/70,46.9/48.6/35,232,0.1301,0.1638,0.1307,26.0/36.2/47,9.9/11.0/181
0.8,0.55,5.0,0.25,2539,0.13594,54.81,60.0,7.75,7.297,17.4/16.7/240,22.5/22.1/240,27.5/33.6/232,32.4/37.4/203,37.3/33.3/117,42.2/43.8/80,47.7/63.0/27,232,0.1286,0.1638,0.13065,26.0/36.2/47,9.7/11.0/181
0.8,0.55,5.0,0.6,2539,0.13594,54.84,60.0,7.75,7.321,17.4/16.9/242,22.6/22.0/236,27.5/32.9/228,32.4/38.6/202,37.3/31.9/116,42.2/45.1/82,47.6/58.1/31,232,0.1286,0.1638,0.13066,26.0/36.2/47,9.7/11.0/181
0.8,0.8,1.5,0.45,2539,0.13638,56.64,60.0,8.0,7.881,17.4/15.9/295,22.5/20.6/248,27.4/32.6/224,32.4/37.4/174,37.6/32.1/137,42.3/46.7/75,47.2/50.0/36,232,0.1347,0.1638,0.1314,25.9/36.2/47,10.5/11.0/181
0.8,0.8,3.0,0.35,2539,0.13601,55.86,60.0,7.875,7.596,17.4/14.1/276,22.6/22.7/247,27.5/33.6/220,32.5/40.7/189,37.3/30.2/129,42.3/46.1/76,47.2/46.9/32,232,0.1314,0.1638,0.1308,25.9/36.2/47,10.1/11.0/181
0.8,0.8,5.0,0.25,2539,0.13591,55.04,60.0,7.625,7.313,17.3/14.6/240,22.4/22.8/250,27.5/33.8/228,32.3/38.4/198,37.2/33.1/127,42.2/42.3/78,47.8/62.1/29,232,0.1294,0.1638,0.13072,25.9/36.2/47,9.8/11.0/181
0.8,0.8,5.0,0.6,2539,0.13591,55.06,60.0,7.875,7.336,17.3/14.5/241,22.4/23.3/249,27.5/33.0/224,32.3/38.8/196,37.2/32.0/125,42.2/44.4/81,47.5/60.0/30,232,0.1294,0.1638,0.13072,25.9/36.2/47,9.8/11.0/181
0.85,0.3,1.5,0.45,2539,0.13639,56.41,60.0,7.875,7.94,17.4/18.1/282,22.5/18.7/241,27.5/32.0/231,32.7/39.5/162,37.4/34.6/133,42.3/41.0/78,47.3/51.2/41,232,0.1313,0.1638,0.13065,26.2/36.2/47,10.0/11.0/181
0.85,0.3,3.0,0.35,2539,0.13602,55.65,60.0,7.875,7.662,17.3/17.7/254,22.5/20.0/245,27.4/32.2/214,32.4/41.4/191,37.3/31.6/133,42.3/45.5/77,47.2/43.8/32,232,0.129,0.1638,0.13049,26.2/36.2/47,9.7/11.0/181
0.85,0.3,5.0,0.25,2539,0.13593,54.84,60.0,8.0,7.384,17.5/16.7/240,22.5/22.7/220,27.4/32.2/239,32.4/38.1/197,37.3/33.6/125,42.4/44.2/77,47.1/62.5/24,232,0.1278,0.1638,0.1306,26.2/36.2/47,9.6/11.0/181
0.85,0.3,5.0,0.6,2539,0.1359,54.88,60.0,8.25,7.407,17.5/16.9/237,22.6/22.5/222,27.4/32.3/235,32.4/38.6/197,37.3/32.8/122,42.4/43.8/80,47.2/63.0/27,232,0.1279,0.1638,0.13058,26.2/36.2/47,9.6/11.0/181
0.85,0.55,1.5,0.45,2539,0.13634,56.7,60.0,8.0,7.926,17.4/15.9/308,22.6/22.8/246,27.4/31.6/215,32.5/37.5/176,37.3/35.4/127,42.2/40.5/84,47.2/51.4/37,232,0.1333,0.1638,0.13106,26.1/36.2/47,10.3/11.0/181
0.85,0.55,3.0,0.35,2539,0.13606,55.94,60.0,7.875,7.661,17.4/15.4/279,22.5/20.3/241,27.4/34.3/213,32.4/39.6/197,37.4/32.3/130,42.4/44.4/72,47.1/47.2/36,232,0.1305,0.1638,0.13061,26.1/36.2/47,9.9/11.0/181
0.85,0.55,5.0,0.25,2539,0.1359,55.2,60.0,7.75,7.401,17.3/16.0/256,22.4/23.5/234,27.5/32.1/234,32.4/39.5/200,37.3/33.1/124,42.4/41.8/79,47.4/68.0/25,232,0.1289,0.1638,0.13055,26.1/36.2/47,9.7/11.0/181
0.85,0.55,5.0,0.6,2539,0.13586,55.23,60.0,7.875,7.419,17.3/16.3/257,22.4/23.4/231,27.4/31.3/230,32.3/40.4/198,37.3/32.5/126,42.5/43.2/81,47.3/63.0/27,232,0.1288,0.1638,0.13057,26.1/36.2/47,9.7/11.0/181
0.85,0.8,1.5,0.45,2539,0.13644,56.92,60.0,8.0,7.924,17.4/15.1/305,22.4/22.5/253,27.3/30.8/211,32.3/37.3/185,37.4/36.7/128,42.1/36.6/82,47.1/52.6/38,232,0.1349,0.1638,0.13139,26.0/36.2/47,10.5/11.0/181
0.85,0.8,3.0,0.35,2539,0.13607,56.17,60.0,8.0,7.679,17.4/14.3/287,22.6/23.2/254,27.3/33.8/198,32.3/38.2/199,37.3/32.3/133,42.3/46.7/75,47.2/44.1/34,232,0.1318,0.1638,0.13081,26.1/36.2/47,10.1/11.0/181
0.85,0.8,5.0,0.25,2539,0.13596,55.47,60.0,7.375,7.436,17.3/15.7/267,22.4/22.0/236,27.4/34.6/217,32.2/37.4/206,37.3/33.3/135,42.4/42.9/70,47.0/60.0/30,232,0.1297,0.1638,0.13072,26.1/36.2/47,9.9/11.0/181
0.85,0.8,5.0,0.6,2539,0.13595,55.5,60.0,7.625,7.454,17.3/15.5/264,22.4/22.4/237,27.4/33.8/216,32.2/38.0/200,37.3/31.6/133,42.3/46.7/75,46.9/54.8/31,232,0.1297,0.1638,0.1307,26.1/36.2/47,9.9/11.0/181
0.9,0.3,1.5,0.45,2539,0.13643,56.65,60.0,7.625,7.978,17.3/18.0/306,22.4/21.3/239,27.4/30.7/225,32.5/37.9/169,37.2/37.6/125,42.2/39.5/86,47.3/48.7/39,232,0.1315,0.1638,0.13057,26.3/36.2/47,10.0/11.0/181
0.9,0.3,3.0,0.35,2539,0.13611,55.91,60.0,8.0,7.729,17.4/16.6/277,22.6/21.6/236,27.4/32.7/214,32.5/38.1/194,37.4/35.2/125,42.4/42.3/78,47.2/47.1/34,232,0.1294,0.1638,0.13045,26.3/36.2/47,9.7/11.0/181
0.9,0.3,5.0,0.25,2539,0.13594,55.2,60.0,7.5,7.486,17.4/17.8/242,22.4/22.5/227,27.4/32.3/235,32.4/38.1/194,37.3/34.8/132,42.5/39.7/73,47.0/58.6/29,232,0.1284,0.1638,0.1305,26.3/36.2/47,9.6/11.0/181
0.9,0.3,5.0,0.6,2539,0.13589,55.24,60.0,7.875,7.505,17.3/16.9/242,22.3/23.3/227,27.4/31.3/233,32.3/38.9/193,37.3/34.6/130,42.5/40.8/76,47.0/56.2/32,232,0.1284,0.1638,0.13047,26.3/36.2/47,9.6/11.0/181
0.9,0.55,1.5,0.45,2539,0.13645,56.99,60.0,7.625,7.974,17.4/15.7/313,22.4/21.8/248,27.3/32.2/211,32.4/35.4/189,37.3/40.5/116,42.0/35.3/85,47.2/53.5/43,232,0.1334,0.1638,0.13096,26.2/36.2/47,10.3/11.0/181
0.9,0.55,3.0,0.35,2539,0.13613,56.26,60.0,7.75,7.757,17.3/15.3/287,22.4/22.9/240,27.2/32.5/212,32.3/37.8/201,37.4/34.1/123,42.1/42.3/71,46.8/47.7/44,232,0.1308,0.1638,0.13061,26.2/36.2/47,10.0/11.0/181
0.9,0.55,5.0,0.25,2539,0.13599,55.6,60.0,7.25,7.532,17.3/15.4/266,22.4/23.6/237,27.4/34.8/224,32.3/35.9/195,37.2/34.6/130,42.3/41.9/74,46.8/51.5/33,232,0.1291,0.1638,0.13053,26.2/36.2/47,9.7/11.0/181
0.9,0.55,5.0,0.6,2539,0.13597,55.64,60.0,7.625,7.553,17.3/15.8/259,22.4/23.7/240,27.5/33.8/222,32.3/37.6/189,37.2/33.1/127,42.2/43.6/78,46.8/48.6/37,232,0.1291,0.1638,0.13056,26.2/36.2/47,9.7/11.0/181
0.9,0.8,1.5,0.45,2539,0.1366,57.21,60.0,7.875,7.991,17.4/14.8/298,22.3/20.6/267,27.3/33.2/214,32.4/34.0/191,37.5/39.6/111,42.2/37.2/86,47.3/50.0/40,232,0.135,0.1638,0.13128,26.1/36.2/47,10.5/11.0/181
0.9,0.8,3.0,0.35,2539,0.13632,56.52,60.0,7.875,7.781,17.3/14.0/301,22.4/22.4/250,27.3/33.3/210,32.4/36.7/199,37.6/38.0/121,42.2/39.7/73,47.3/40.5/42,232,0.1321,0.1638,0.13077,26.2/36.2/47,10.1/11.0/181
0.9,0.8,5.0,0.25,2539,0.13608,55.88,60.0,7.375,7.575,17.3/15.9/277,22.4/21.7/244,27.5/36.5/211,32.3/32.8/204,37.5/37.7/130,42.4/40.3/67,47.0/51.4/37,232,0.13,0.1638,0.1306,26.2/36.2/47,9.9/11.0/181
0.9,0.8,5.0,0.6,2539,0.13608,55.91,60.0,7.5,7.595,17.3/15.8/272,22.4/21.5/246,27.4/35.3/207,32.3/35.2/199,37.4/35.7/126,42.2/40.8/76,47.0/50.0/38,232,0.13,0.1638,0.1306,26.2/36.2/47,9.9/11.0/181
0.95,0.3,1.5,0.45,2539,0.13655,56.9,60.0,7.625,8.021,17.3/15.3/313,22.4/23.4/239,27.2/32.1/215,32.3/34.1/182,37.2/39.7/116,42.1/38.2/89,47.6/46.8/47,232,0.1316,0.1638,0.13063,26.4/36.2/47,10.0/11.0/181
0.95,0.3,3.0,0.35,2539,0.13623,56.21,60.0,7.5,7.815,17.4/16.7/282,22.4/22.3/233,27.3/33.0/218,32.4/34.7/193,37.3/38.7/119,42.2/41.2/80,47.3/43.9/41,232,0.1297,0.1638,0.13047,26.4/36.2/47,9.8/11.0/181
0.95,0.3,5.0,0.25,2539,0.13604,55.58,60.0,7.375,7.609,17.3/16.9/248,22.4/23.6/237,27.5/32.6/227,32.5/36.3/193,37.3/38.0/121,42.1/39.2/74,46.9/50.0/38,232,0.1287,0.1638,0.13042,26.4/36.2/47,9.6/11.0/181
0.95,0.3,5.0,0.6,2539,0.13601,55.62,60.0,7.5,7.628,17.4/16.5/249,22.4/23.9/234,27.5/32.3/223,32.4/37.2/188,37.3/36.1/122,42.1/40.3/77,46.9/50.0/42,232,0.1287,0.1638,0.13044,26.4/36.2/47,9.6/11.0/181
0.95,0.55,1.5,0.45,2539,0.13676,57.26,60.0,7.625,8.05,17.4/15.3/308,22.3/20.8/264,27.4/35.3/215,32.3/30.9/175,37.3/42.4/118,42.3/35.3/85,47.5/47.7/44,232,0.1335,0.1638,0.13124,26.2/36.2/47,10.3/11.0/181
0.95,0.55,3.0,0.35,2539,0.13653,56.59,60.0,7.625,7.862,17.3/16.1/292,22.3/21.2/250,27.4/35.5/214,32.4/33.2/196,37.5/40.7/113,42.5/36.2/80,47.7/41.5/41,232,0.1306,0.1638,0.13073,26.2/36.2/47,9.9/11.0/181
0.95,0.55,5.0,0.25,2539,0.13625,56.0,60.0,7.375,7.679,17.3/17.2/273,22.3/23.0/244,27.5/34.5/220,32.3/33.0/194,37.5/38.6/127,42.3/38.8/67,47.2/46.3/41,232,0.1293,0.1638,0.13046,26.3/36.2/47,9.7/11.0/181
0.95,0.55,5.0,0.6,2539,0.13623,56.04,60.0,7.5,7.698,17.4/16.7/270,22.3/23.2/241,27.5/34.1/217,32.3/33.9/186,37.4/37.6/125,42.2/39.2/74,47.2/47.8/46,232,0.1292,0.1638,0.13048,26.3/36.2/47,9.7/11.0/181
0.95,0.8,1.5,0.45,2539,0.137,57.47,60.0,8.125,8.076,17.5/14.1/313,22.4/22.5/271,27.3/33.5/200,32.2/31.4/185,37.4/47.0/117,42.2/27.5/80,47.3/48.9/45,232,0.1347,0.1638,0.13153,26.1/36.2/47,10.5/11.0/181
0.95,0.8,3.0,0.35,2539,0.13669,56.85,60.0,8.0,7.909,17.4/14.0/314,22.5/22.9/258,27.4/34.1/205,32.3/33.5/188,37.5/40.7/118,42.3/34.2/73,47.4/44.7/47,232,0.1315,0.1638,0.13102,26.2/36.2/47,10.0/11.0/181
0.95,0.8,5.0,0.25,2539,0.13651,56.27,60.0,7.625,7.737,17.4/16.3/289,22.3/21.5/246,27.6/35.3/221,32.4/34.0/188,37.5/38.8/121,42.3/37.1/70,47.3/46.3/41,232,0.1297,0.1638,0.13063,26.2/36.2/47,9.8/11.0/181
0.95,0.8,5.0,0.6,2539,0.1365,56.31,60.0,7.625,7.755,17.4/15.9/290,22.4/22.2/243,27.5/34.6/217,32.4/34.4/183,37.5/38.7/119,42.3/37.7/77,47.4/46.5/43,232,0.1297,0.1638,0.13063,26.2/36.2/47,9.8/11.0/181
