season,week,legs,prob,hit,leg_p,leg_hit
2024,4,2,0.031227777777777774,False,0.17683333333333334,0.0
2024,4,3,0.004986035185185185,False,0.17111111111111113,0.0
2024,4,4,0.0007711734419753086,False,0.16700000000000004,0.0
2024,5,2,0.04883388888888889,False,0.221,0.0
2024,5,3,0.00872498814814815,False,0.2068888888888889,0.0
2024,5,4,0.001340739845432099,False,0.19358333333333333,0.0
2024,6,2,0.04694444444444445,False,0.21683333333333332,0.5
2024,6,3,0.008716018518518519,False,0.20644444444444443,0.3333333333333333
2024,6,4,0.0014439537345679013,False,0.19624999999999998,0.25
2024,7,2,0.05455744444444444,False,0.23633333333333334,0.5
2024,7,3,0.007838086185185184,False,0.20544444444444446,0.3333333333333333
2024,7,4,0.0010346273764444444,False,0.18708333333333335,0.25
2024,8,2,0.037044,False,0.1925,0.0
2024,8,3,0.006692616,False,0.18855555555555556,0.0
2024,8,4,0.00109312728,False,0.18225,0.0
2024,9,2,0.04690977777777778,False,0.21733333333333332,0.0
2024,9,3,0.009319409185185186,False,0.2111111111111111,0.3333333333333333
2024,9,4,0.0016712807138765434,False,0.20316666666666666,0.5
2024,10,2,0.052457666666666666,False,0.22933333333333333,0.0
2024,10,3,0.008253339555555555,False,0.20533333333333334,0.0
2024,10,4,0.0012435031597037036,False,0.19166666666666665,0.0
2024,11,2,0.043687,False,0.21066666666666667,0.5
2024,11,3,0.007586975666666666,False,0.19833333333333333,0.6666666666666666
2024,11,4,0.001158278285111111,False,0.18691666666666668,0.5
2024,12,2,0.04758844444444445,False,0.21833333333333332,0.0
2024,12,3,0.009295609481481481,False,0.21066666666666667,0.0
2024,12,4,0.001663914097185185,False,0.20274999999999999,0.0
2024,13,2,0.04608133333333333,False,0.21466666666666667,0.0
2024,13,3,0.008494325777777777,False,0.20455555555555557,0.0
2024,13,4,0.0014355410564444444,False,0.19566666666666668,0.0
2024,14,2,0.031354,False,0.17716666666666667,0.0
2024,14,3,0.005037542666666667,False,0.17166666666666666,0.0
2024,14,4,0.0007589897617777779,False,0.16641666666666666,0.25
2024,15,2,0.045155999999999995,False,0.2125,0.0
2024,15,3,0.009046252,False,0.20844444444444443,0.3333333333333333
2024,15,4,0.0015861095173333333,False,0.20016666666666666,0.25
2024,16,2,0.06748599999999999,False,0.26016666666666666,0.0
2024,16,3,0.014824424666666666,False,0.24666666666666667,0.3333333333333333
2024,16,4,0.002574508417111111,False,0.22841666666666666,0.25
2024,17,2,0.05162166666666666,False,0.22733333333333333,0.0
2024,17,3,0.009188656666666666,False,0.2108888888888889,0.0
2024,17,4,0.0014273046688888886,False,0.197,0.0
2024,18,2,0.07282799999999999,True,0.272,1.0
2024,18,3,0.013400351999999997,True,0.24266666666666667,1.0
2024,18,4,0.002295926976,False,0.22483333333333333,0.75
2025,4,2,0.07343999999999999,False,0.27149999999999996,0.5
2025,4,3,0.013194719999999998,False,0.24088888888888885,0.3333333333333333
2025,4,4,0.0023618548799999996,False,0.22541666666666665,0.25
2025,5,2,0.050727999999999995,False,0.22633333333333333,0.0
2025,5,3,0.008403938666666666,False,0.2061111111111111,0.3333333333333333
2025,5,4,0.0011849553519999998,False,0.18983333333333333,0.5
2025,6,2,0.07158622222222222,False,0.27949999999999997,0.5
2025,6,3,0.012646899259259258,False,0.2452222222222222,0.3333333333333333
2025,6,4,0.0019265443204938269,False,0.22199999999999998,0.25
2025,7,2,0.06025066666666666,True,0.24833333333333332,1.0
2025,7,3,0.011327125333333332,True,0.22822222222222222,1.0
2025,7,4,0.0018803028053333332,False,0.21266666666666667,0.75
2025,8,2,0.06454222222222222,False,0.2555,0.5
2025,8,3,0.010950663703703704,False,0.2268888888888889,0.3333333333333333
2025,8,4,0.0018068595111111112,False,0.21141666666666667,0.25
2025,9,2,0.0627111111111111,False,0.2523333333333333,0.5
2025,9,3,0.013524696296296296,False,0.24011111111111108,0.3333333333333333
2025,9,4,0.002786087437037037,False,0.2315833333333333,0.25
2025,10,2,0.031683555555555555,False,0.178,0.0
2025,10,3,0.005586866962962963,False,0.17744444444444443,0.0
2025,10,4,0.000968390273580247,False,0.17641666666666667,0.25
2025,11,2,0.045975,False,0.21466666666666667,0.5
2025,11,3,0.00885785,False,0.20733333333333334,0.6666666666666666
2025,11,4,0.0015826025333333335,False,0.20016666666666666,0.5
2025,12,2,0.06902933333333333,False,0.26516666666666666,0.5
2025,12,3,0.013805866666666666,False,0.24344444444444444,0.6666666666666666
2025,12,4,0.0023285895111111107,False,0.22474999999999998,0.5
2025,13,2,0.036829999999999995,False,0.19283333333333333,0.0
2025,13,3,0.005978736666666666,False,0.18266666666666667,0.0
2025,13,4,0.0008310443966666666,False,0.17175,0.0
2025,14,2,0.034906,False,0.18683333333333335,0.0
2025,14,3,0.005433700666666667,False,0.1764444444444445,0.3333333333333333
2025,14,4,0.0008059989322222223,False,0.1694166666666667,0.25
2025,15,2,0.052094,False,0.23383333333333334,0.0
2025,15,3,0.008647604000000001,False,0.21122222222222223,0.0
2025,15,4,0.001377851570666667,False,0.19825,0.0
2025,16,2,0.036565,True,0.19233333333333333,1.0
2025,16,3,0.005899153333333333,False,0.18200000000000002,0.6666666666666666
2025,16,4,0.0009183015355555556,False,0.17541666666666667,0.5
2025,17,2,0.04389244444444445,False,0.21216666666666667,0.0
2025,17,3,0.007725070222222223,False,0.20011111111111113,0.3333333333333333
2025,17,4,0.001176785697185185,False,0.18816666666666668,0.25
2025,18,2,0.03418333333333333,False,0.18516666666666665,0.0
2025,18,3,0.005947899999999999,False,0.18144444444444444,0.0
2025,18,4,0.0009496813666666666,False,0.176,0.0
