week,team,qid,dr,lam,pf,proj_team_rush,proj_team_td,qb_share,proj_qb_rush,act_team_rush,act_team_td,act_qb_rush,qb_scored,tier
4,ARI,00-0035228,1.8636363636363635,2.2127000000000003,0.6450290734608871,0.7854441691530952,2.2127000000000003,0.22003459133465383,0.172824886775788,0,2,0,0,1.5-2.5
4,SEA,00-0034869,0.6764705882352942,2.4402500000000003,0.568292122373906,1.053475148377076,2.4402500000000003,0.11930091811515496,0.12568055241288426,1,2,0,0,<0.75
4,PIT,00-0023459,0.06060606060606061,1.98515,0.5889429468732397,0.8160099090145883,1.98515,0.06465867520307583,0.05276211966946573,2,3,0,0,<0.75
4,MIN,00-0032950,0.2857142857142857,2.3644000000000003,0.6917322933947003,0.7288681654975706,2.3644000000000003,0.1562539081741199,0.11388849940269663,0,2,0,0,<0.75
4,ATL,00-0039917,0.07142857142857142,2.5161000000000002,0.6157660093387688,0.9667711439027239,2.5161000000000002,0.12410897659702004,0.11998497727329745,2,4,0,0,<0.75
4,WAS,00-0032268,2.769230769230769,2.1368500000000004,0.5936992287180352,0.8682038031138667,2.1368500000000004,0.335149987301568,0.2909784935887854,0,2,0,0,2.5+
4,BUF,00-0034857,2.5,3.8814,0.5130642921520306,1.8899922564411082,3.8814,0.24817574167161668,0.4690502299958844,2,4,1,1,1.5-2.5
4,NO,00-0039376,1.0625,1.5300500000000001,0.7567412996613107,0.3721979744532117,1.5300500000000001,0.09412593864240697,0.035033483706211156,1,2,0,0,0.75-1.5
4,DET,00-0033106,0.3235294117647059,3.160825,0.5528591767135073,1.4133338927645285,3.160825,0.06947933618318718,0.09819750067447928,1,3,0,0,<0.75
4,CLE,00-0026158,0.42105263157894735,1.643825,0.6793251125304366,0.5271333968946551,1.643825,0.08527432719960473,0.044950945764633925,1,1,0,0,<0.75
4,HOU,00-0039163,0.4838709677419355,2.59195,0.6615464257144671,0.8772547418693871,2.59195,0.09682132165417873,0.08493696353518947,1,3,0,0,<0.75
4,TEN,00-0040676,0.5882352941176471,1.4542000000000002,0.6328037392077625,0.5339768024440719,1.4542000000000002,0.1072370965131113,0.05726212189945751,0,0,0,0,<0.75
4,NE,00-0039851,0.8333333333333334,2.6678,0.6563352749277214,0.916828753547825,2.6678,0.12944451348325606,0.11867845195045827,3,5,1,1,0.75-1.5
4,CAR,00-0039150,0.23333333333333334,1.83345,0.6398731581713204,0.6602745581507926,1.83345,0.13337836393482824,0.08806634031394432,0,2,0,0,<0.75
4,NYG,00-0040691,3.1666666666666665,1.871375,0.6870740172860511,0.5856018609013162,1.871375,0.025068517515672017,0.014680170507214771,1,2,1,1,2.5+
4,LAC,00-0036355,1.1818181818181819,2.781575,0.6073045712939784,1.092311787102952,2.781575,0.11808926914057932,0.12899030061262767,1,2,0,0,0.75-1.5
4,TB,00-0034855,0.4411764705882353,2.1368500000000004,0.6900005341546698,0.662422358591594,2.1368500000000004,0.07456179687922261,0.049391401349562,0,2,0,0,<0.75
4,PHI,00-0036389,3.774193548387097,2.6678,0.4851041090392673,1.3736392579050425,2.6678,0.4107416085872695,0.5642107984105403,1,3,0,0,2.5+
4,LA,00-0026498,0.48484848484848486,3.0470500000000005,0.603422710472282,1.2083908300554334,3.0470500000000005,0.13125163186643268,0.15860326837720873,0,3,0,0,<0.75
4,IND,00-0035710,2.391304347826087,2.5161000000000002,0.5209851829293051,1.2052491812315755,2.5161000000000002,0.3970090860300698,0.4784948758792378,1,2,0,0,1.5-2.5
4,SF,00-0037834,1.0833333333333333,2.74365,0.6280497178825581,1.0205013915315193,2.74365,0.1958628549932409,0.19987831606993853,0,2,0,0,0.75-1.5
4,JAX,00-0036971,1.2592592592592593,2.2127000000000003,0.6217149889372744,0.837031243978493,2.2127000000000003,0.15292830587962725,0.1280057701099479,1,2,0,0,0.75-1.5
4,KC,00-0033873,0.13333333333333333,2.5161000000000002,0.6981803137132969,0.7594085126659736,2.5161000000000002,0.1260780515844673,0.09574474563358422,0,4,0,0,<0.75
4,BAL,00-0034796,3.6333333333333333,2.89535,0.6269898091551699,1.0799950560625788,2.89535,0.23724383893507345,0.25622217313118606,1,2,0,0,2.5+
4,LV,00-0030565,0.9375,2.74365,0.6611674172213816,0.9296380157405564,2.74365,0.1114209505468748,0.10358115137832334,1,3,0,0,0.75-1.5
4,CHI,00-0039918,1.3235294117647058,2.5161000000000002,0.6855123275864495,0.7912824325597344,2.5161000000000002,0.136246677145978,0.10780960212025023,1,2,0,0,0.75-1.5
4,DAL,00-0033077,0.56,2.0989250000000004,0.7003244443914907,0.6289965155555906,2.0989250000000004,0.09569651607873651,0.060192775164334814,2,5,1,1,<0.75
4,GB,00-0036264,0.5,3.160825,0.5491419760412274,1.4250833135794874,3.160825,0.0799713879625454,0.11396589054921494,2,5,0,0,<0.75
4,MIA,00-0036212,0.36,2.59195,0.684945215611356,0.8166062483961458,2.59195,0.05252501520091112,0.04289225561016657,1,3,0,0,<0.75
4,NYJ,00-0036945,4.8125,2.2127000000000003,0.6986906392155792,0.6667072226076881,2.2127000000000003,0.2986647565689867,0.1991219503429104,1,2,1,1,2.5+
4,DEN,00-0039732,1.6470588235294117,2.9712,0.6476219437204023,1.0469856808179407,2.9712,0.20944876708273644,0.2192898600005971,2,4,1,1,1.5-2.5
4,CIN,00-0035100,0.6,1.83345,0.6887108866274387,0.5707330249129224,1.83345,0.12671844426626883,0.07232240100834718,0,0,0,0,<0.75
5,LA,00-0026498,0.48484848484848486,2.9712,0.6203045020218263,1.1281512635927498,2.9712,0.11817252222173584,0.1333164802663936,0,3,0,0,<0.75
5,SF,00-0036972,1.2222222222222223,1.68175,0.6702754904879162,0.5545141938719469,1.68175,0.15344207544862115,0.08508580877343062,0,2,0,0,0.75-1.5
5,CLE,00-0040704,0.2,1.4542000000000002,0.618621654327943,0.5546003902763054,1.4542000000000002,0.0,0.0,0,2,0,0,<0.75
5,MIN,00-0032950,0.2857142857142857,1.98515,0.693601798666478,0.6082463893772413,1.98515,0.1311584346694729,0.07977664432407768,1,3,0,0,<0.75
5,BAL,00-0033662,1.1428571428571428,1.98515,0.6429810293401246,0.7087362096054517,1.98515,0.17837226769169248,0.12641888490253908,1,1,0,0,0.75-1.5
5,HOU,00-0039163,0.4838709677419355,2.3644000000000003,0.6873586354975826,0.7392092422295158,2.3644000000000003,0.09737192434242321,0.07197822640759241,1,5,0,0,<0.75
5,CAR,00-0039150,0.23333333333333334,2.2885500000000003,0.6370419087830306,0.8306477396545955,2.2885500000000003,0.1683734765271753,0.13985904769508425,1,3,0,0,<0.75
5,MIA,00-0036212,0.36,2.5161000000000002,0.6872534096821183,0.7869016958988221,2.5161000000000002,0.05209975512081554,0.040997385660483096,0,3,0,0,<0.75
5,IND,00-0035710,2.391304347826087,3.084975,0.4892055518246964,1.5757881027596072,3.084975,0.31709145568748953,0.4996689433590712,4,6,0,0,1.5-2.5
5,LV,00-0030565,0.9375,2.023075,0.6833406830579932,0.6406255476224504,2.023075,0.10681256736867475,0.06842685946351713,0,0,0,0,0.75-1.5
5,NO,00-0039376,1.0625,2.2885500000000003,0.6988279910190153,0.6892472011534327,2.2885500000000003,0.15485635342301,0.10673430817763642,0,1,0,0,0.75-1.5
5,NYG,00-0040691,3.1666666666666665,2.061,0.6279411093122667,0.7668133737074184,2.061,0.29763033352740687,0.22822692016981505,0,2,0,0,2.5+
5,NYJ,00-0036945,4.8125,2.8195,0.6530523434960226,0.9782189175129643,2.8195,0.3665178068627995,0.35853465227855347,0,2,0,0,2.5+
5,DAL,00-0033077,0.56,2.59195,0.6533371510839111,0.8985327712480566,2.59195,0.1434376069893488,0.1288833905093292,1,5,0,0,<0.75
5,PHI,00-0036389,3.774193548387097,2.6678,0.5021198829879785,1.328244576164671,2.6678,0.3893385135265971,0.5171367688837181,0,2,0,0,2.5+
5,DEN,00-0039732,1.6470588235294117,2.1368500000000004,0.67214062094176,0.7005863141406004,2.1368500000000004,0.20496284621747102,0.1435941649672647,1,2,0,0,1.5-2.5
5,ARI,00-0035228,1.8636363636363635,2.74365,0.6418025636022138,0.9827683963727862,2.74365,0.21346518702520914,0.20978683953418167,3,3,1,1,1.5-2.5
5,TEN,00-0040676,0.5882352941176471,1.6059,0.6549809096273408,0.5540661572294535,1.6059,0.10586185202320851,0.058654469547692184,1,1,0,0,<0.75
5,SEA,00-0034869,0.6764705882352942,2.6678,0.5470327150381931,1.2084261228211086,2.6678,0.11846237497976062,0.14315302849697242,1,5,0,0,<0.75
5,TB,00-0034855,0.4411764705882353,2.1368500000000004,0.6991268321146948,0.6429208287957144,2.1368500000000004,0.09921944212431316,0.06379024596321184,2,4,0,0,<0.75
5,CIN,00-0035100,0.6,1.98515,0.7143087922105963,0.5671399011431347,1.98515,0.11428645037007448,0.06481640616488382,0,3,0,0,<0.75
5,DET,00-0033106,0.3235294117647059,3.5780000000000003,0.5432250915918634,1.6343406222843129,3.5780000000000003,0.06911647395182993,0.11295986104853124,1,5,0,0,<0.75
5,LAC,00-0036355,1.1818181818181819,2.8195,0.5986553460137904,1.1315912519141178,2.8195,0.21283624654026634,0.2408436346752018,0,1,0,0,0.75-1.5
5,WAS,00-0039910,3.125,2.4402500000000003,0.6159150377837181,0.9372633290482819,2.4402500000000003,0.37292242803128395,0.3495265163733695,2,3,0,0,2.5+
5,BUF,00-0034857,2.5,3.3504500000000004,0.5026503578869329,1.6663451084177259,3.3504500000000004,0.24087457580216365,0.4013801711301301,0,2,0,0,1.5-2.5
5,NE,00-0039851,0.8333333333333334,2.2127000000000003,0.6623153629950888,0.7471947963007672,2.2127000000000003,0.12931122466788328,0.09662067417512178,2,2,0,0,0.75-1.5
5,JAX,00-0036971,1.2592592592592593,2.2127000000000003,0.6516025923235708,0.7708989439656351,2.2127000000000003,0.14843098640423805,0.11442529067080466,2,3,2,1,0.75-1.5
5,KC,00-0033873,0.13333333333333333,2.74365,0.687210514215351,0.8581848726730524,2.74365,0.1609306736728847,0.13810826969515308,3,4,1,1,<0.75
6,NYG,00-0040691,3.1666666666666665,1.5679750000000001,0.6667316579818613,0.5225564285758911,1.5679750000000001,0.20302183008416516,0.10609036245172274,4,5,1,1,2.5+
6,PHI,00-0036389,3.774193548387097,2.629875,0.5421352936481004,1.204126944617202,2.629875,0.34609100078117744,0.41673749933014886,1,2,1,1,2.5+
6,NYJ,00-0036945,4.8125,1.7576,0.6888797243535117,0.5468249964762678,1.7576,0.36846177758035004,0.20148411022701426,0,0,0,0,2.5+
6,DEN,00-0039732,1.6470588235294117,2.89535,0.6241754659370361,1.0881435646992026,2.89535,0.18075981345860728,0.19669262777121183,0,1,0,0,1.5-2.5
6,BAL,00-0033662,1.1428571428571428,1.795525,0.6112171358156205,0.6980693522146579,1.795525,0.21271452681535738,0.148489491940644,0,0,0,0,0.75-1.5
6,LA,00-0026498,0.48484848484848486,2.857425,0.6336459527469708,1.046829213471987,2.857425,0.10626458617019294,0.11124087316046925,1,2,0,0,<0.75
6,CAR,00-0039150,0.23333333333333334,2.4023250000000003,0.6283852157658163,0.8927394865353855,2.4023250000000003,0.16813699889877304,0.1501025380644913,0,3,0,0,<0.75
6,DAL,00-0033077,0.56,2.857425,0.6531187275544379,0.9911872199177604,2.857425,0.12768479899129853,0.12655954093794325,0,3,0,0,<0.75
6,IND,00-0035710,2.391304347826087,3.1987500000000004,0.4835427757679377,1.6520175460123094,3.1987500000000004,0.3434293063844247,0.5673512399619068,2,4,1,1,1.5-2.5
6,ARI,00-0033119,0.8,1.9093,0.6592462547858109,0.6506011257374512,1.9093,0.11807142889521637,0.0768174045566572,1,3,0,0,0.75-1.5
6,JAX,00-0036971,1.2592592592592593,2.5161000000000002,0.6267373526174346,0.9391661470792729,2.5161000000000002,0.22836913443488574,0.21447656009904018,0,2,0,0,0.75-1.5
6,SEA,00-0034869,0.6764705882352942,2.74365,0.5732697836980637,1.1707983579568075,2.74365,0.11770006303849304,0.1378030405368804,0,2,0,0,<0.75
6,MIA,00-0036212,0.36,2.2127000000000003,0.7118939677992377,0.6374922174506268,2.2127000000000003,0.048173173829012726,0.030710023405891823,2,3,0,0,<0.75
6,LAC,00-0036355,1.1818181818181819,2.74365,0.6056881331326387,1.0818537535306358,2.74365,0.25699354643723527,0.2780294328462728,0,2,0,0,0.75-1.5
6,NO,00-0039376,1.0625,2.2885500000000003,0.7186163914230326,0.6439604574088189,2.2885500000000003,0.1595330195825079,0.10273295626216185,1,1,0,0,0.75-1.5
6,NE,00-0039851,0.8333333333333334,2.8195,0.62740416840471,1.05053394718292,2.8195,0.1558627982485831,0.16373916066305913,0,3,0,0,0.75-1.5
6,PIT,00-0023459,0.06060606060606061,2.2885500000000003,0.5543837175676514,1.0198151431605516,2.2885500000000003,0.03793633674844087,0.038688050692098123,0,2,0,0,<0.75
6,CLE,00-0040704,0.2,1.4542000000000002,0.6330749821327208,0.5335823609825974,1.4542000000000002,0.07902381727198003,0.04216571499384047,0,0,0,0,<0.75
6,LV,00-0030565,0.9375,2.4402500000000003,0.6681807587049144,0.8097219035703326,2.4402500000000003,0.13130705904158058,0.10632220179937069,1,2,0,0,0.75-1.5
6,TEN,00-0040676,0.5882352941176471,1.9093,0.6217352807984518,0.722220828371516,1.9093,0.104429339289762,0.07542104392814201,0,1,0,0,<0.75
6,GB,00-0036264,0.5,3.464225,0.5361616843758545,1.6068402889430553,3.464225,0.07125607662393979,0.11449713475135989,2,3,0,0,<0.75
6,CIN,00-0026158,0.42105263157894735,1.3404250000000002,0.7453787659516362,0.3413006676492781,1.3404250000000002,0.20255174489486405,0.06913104576614335,0,2,0,0,<0.75
6,TB,00-0034855,0.4411764705882353,2.8195,0.6591483932671074,0.9610311051833907,2.8195,0.10080342217448285,0.09687522421861117,2,4,0,0,<0.75
6,SF,00-0036972,1.2222222222222223,2.2885500000000003,0.6573847763404255,0.7840920701061194,2.2885500000000003,0.14907448929490685,0.11688812491125605,1,1,0,0,0.75-1.5
6,KC,00-0033873,0.13333333333333333,3.1229000000000005,0.6750633173605337,1.0147447662147895,3.1229000000000005,0.1495349763914098,0.1517398346592352,1,4,1,1,<0.75
6,DET,00-0033106,0.3235294117647059,2.74365,0.5702115957946001,1.1791889551981454,2.74365,0.06878659919605064,0.08111239803762453,0,2,0,0,<0.75
6,ATL,00-0039917,0.07142857142857142,2.5161000000000002,0.6232200317784877,0.9480160780421472,2.5161000000000002,0.10723855115951345,0.1016638706851641,2,3,0,0,<0.75
6,BUF,00-0034857,2.5,3.0470500000000005,0.5377645051077364,1.408454664711472,3.0470500000000005,0.2573070294529026,0.3624052858959928,0,2,0,0,1.5-2.5
6,WAS,00-0039910,3.125,3.1987500000000004,0.599356174359207,1.2815594372684869,3.1987500000000004,0.344657218987246,0.44169871161581664,0,3,0,0,2.5+
6,CHI,00-0039918,1.3235294117647058,2.3644000000000003,0.6856820660003962,0.7431733231486634,2.3644000000000003,0.1497594257653316,0.11129721011885706,1,2,1,1,0.75-1.5
7,CIN,00-0026158,0.42105263157894735,2.061,0.7309859217738153,0.5544380152241667,2.061,0.20088623749781997,0.11137896680414187,0,3,0,0,<0.75
7,PIT,00-0023459,0.06060606060606061,2.89535,0.5843153258511602,1.2035526212968433,2.89535,0.038933558424305105,0.046858586297986206,0,4,0,0,<0.75
7,JAX,00-0036971,1.2592592592592593,2.1747750000000003,0.6275970289524125,0.8098926713600172,2.1747750000000003,0.20689312371926732,0.16756122465501594,0,1,0,0,0.75-1.5
7,LA,00-0026498,0.48484848484848486,2.629875,0.6454812864661101,0.9323399017549386,2.629875,0.10812721751184243,0.10081131935202606,0,5,0,0,<0.75
7,CHI,00-0039918,1.3235294117647058,2.6678,0.634773532744347,0.9743511693446312,2.6678,0.20040936482636995,0.19526909896618835,2,2,0,0,0.75-1.5
7,NO,00-0039376,1.0625,1.98515,0.6894996635659628,0.6163897428720289,1.98515,0.14860227915844113,0.09159692064066899,0,2,0,0,0.75-1.5
7,CLE,00-0040704,0.2,1.83345,0.6392284947457907,0.66145651630833,1.83345,0.0749338545255597,0.04956548636803191,3,3,0,0,<0.75
7,MIA,00-0036212,0.36,1.4542000000000002,0.7032769727893629,0.4314946261697086,1.4542000000000002,0.04436259223945191,0.019142220154281516,0,0,0,0,<0.75
7,KC,00-0033873,0.13333333333333333,3.4263000000000003,0.6376627008839202,1.2414762879614243,3.4263000000000003,0.19164723655945462,0.23792549984189673,1,4,0,0,<0.75
7,LV,00-0030565,0.9375,1.3783500000000002,0.6931772367772607,0.42290915568806275,1.3783500000000002,0.11464117253256255,0.048482801482835555,0,0,0,0,0.75-1.5
7,MIN,00-0032950,0.2857142857142857,2.1368500000000004,0.7096004231318644,0.6205403358306756,2.1368500000000004,0.12610637671020353,0.07825409335413938,1,1,0,0,<0.75
7,PHI,00-0036389,3.774193548387097,2.5161000000000002,0.5440857974181776,1.1471257251161233,2.5161000000000002,0.4116374510947067,0.47219990957196817,0,3,0,0,2.5+
7,NYJ,00-0028118,0.5,2.1368500000000004,0.6460428163994484,0.7563534077768389,2.1368500000000004,0.10059885892510945,0.07608828976646799,0,0,0,0,<0.75
7,CAR,00-0039150,0.23333333333333334,1.9093,0.6331509939746127,0.7004248072042719,1.9093,0.12427296985738949,0.08704387095306433,0,1,0,0,<0.75
7,TEN,00-0040676,0.5882352941176471,1.6059,0.6625807541562927,0.5418615669004095,1.6059,0.11562340726051454,0.06265188062854661,0,1,0,0,<0.75
7,NE,00-0039851,0.8333333333333334,2.59195,0.5918103009843949,1.0580072903634976,2.59195,0.17669543462923978,0.1869450580116825,1,3,0,0,0.75-1.5
7,DEN,00-0039732,1.6470588235294117,2.59195,0.638834927133079,0.936121810617416,2.59195,0.18030570058586431,0.168788098897081,2,4,2,1,1.5-2.5
7,NYG,00-0040691,3.1666666666666665,1.4542000000000002,0.6407390753892814,0.522437236568907,1.4542000000000002,0.2931566166926609,0.15315593270680408,2,5,1,1,2.5+
7,LAC,00-0036355,1.1818181818181819,2.89535,0.6287510021223128,1.0748957860051616,2.89535,0.2147912993998583,0.23087826259548067,0,3,0,0,0.75-1.5
7,IND,00-0035710,2.391304347826087,2.5161000000000002,0.5123948933352769,1.22686320887911,2.5161000000000002,0.3312225851760176,0.4063648037022833,3,5,0,0,1.5-2.5
7,ARI,00-0033119,0.8,1.871375,0.6607635637691477,0.6348385858515112,1.871375,0.15060569181968733,0.09561030441599881,0,2,0,0,0.75-1.5
7,GB,00-0036264,0.5,2.933275,0.5401406044002673,1.348894068627806,2.933275,0.07866636733736253,0.10611259630186447,2,3,0,0,<0.75
7,DAL,00-0033077,0.56,3.2746000000000004,0.6761560366323639,1.0604594424436613,3.2746000000000004,0.14582700631903994,0.15464362581431737,1,4,0,0,<0.75
7,WAS,00-0039910,3.125,3.0470500000000005,0.6331967041431997,1.1176679826404634,3.0470500000000005,0.24389482991805458,0.272593442530951,2,3,1,1,2.5+
7,SF,00-0036972,1.2222222222222223,2.6678,0.6392846220946823,0.9623164851758067,2.6678,0.14239219061153544,0.13702635238577626,2,2,0,0,0.75-1.5
7,ATL,00-0039917,0.07142857142857142,2.4402500000000003,0.6273512402757061,0.9093561359172083,2.4402500000000003,0.10665944907787876,0.09699142447251809,0,1,0,0,<0.75
7,DET,00-0033106,0.3235294117647059,3.615925,0.5490203273418033,1.6307086728565898,3.615925,0.060772045349799714,0.09910150141915239,2,3,0,0,<0.75
7,TB,00-0034855,0.4411764705882353,2.705725,0.6466876127432672,0.9559661590102233,2.705725,0.09343888880010745,0.0893244156284221,0,1,0,0,<0.75
7,SEA,00-0034869,0.6764705882352942,2.4023250000000003,0.5490648460620546,1.0832927936839747,2.4023250000000003,0.10622312118154584,0.11507074169858816,2,3,0,0,<0.75
7,HOU,00-0039163,0.4838709677419355,1.947225,0.6865635983311438,0.6103311972396386,1.947225,0.0864228588728673,0.05274656692474941,0,1,0,0,<0.75
8,LAC,00-0036355,1.1818181818181819,2.705725,0.6476624220023071,0.9533285932278078,2.705725,0.25426194515515826,0.24239518248613307,1,4,0,0,0.75-1.5
8,MIN,00-0032950,0.2857142857142857,2.2506250000000003,0.7083800254428493,0.6563272052376874,2.2506250000000003,0.11404311486270023,0.07484959885443661,0,1,0,0,<0.75
8,ATL,00-0029604,0.5833333333333334,2.933275,0.6128891071685715,1.1355027041701085,2.933275,0.08677177221467094,0.09852958199539155,1,1,0,0,<0.75
8,MIA,00-0036212,0.36,1.871375,0.7151844650411009,0.5329966717337098,1.871375,0.09861618342431062,0.05256209754423861,0,4,0,0,<0.75
8,BAL,00-0035993,2.3333333333333335,2.6678,0.54904982346787,1.2030448809524164,2.6678,0.0,0.0,2,3,0,0,1.5-2.5
8,CHI,00-0039918,1.3235294117647058,2.2885500000000003,0.619826983743363,0.8700449563541268,2.2885500000000003,0.20284548642206326,0.17648469238071565,1,1,0,0,0.75-1.5
8,CAR,00-0027973,0.2222222222222222,2.0989250000000004,0.667505671537782,0.6978806583675612,2.0989250000000004,0.0920391571604959,0.0642323475947623,1,1,0,0,<0.75
8,BUF,00-0034857,2.5,3.160825,0.5559167685261167,1.4036693801234372,3.160825,0.26423520387195504,0.3708988648257372,4,5,2,1,1.5-2.5
8,CIN,00-0026158,0.42105263157894735,2.74365,0.7054262982970613,0.8082071366772678,2.74365,0.20735482002438457,0.16758564536813805,3,5,1,1,<0.75
8,NYJ,00-0036945,4.8125,1.9093,0.6817300724673453,0.6076727726380976,1.9093,0.33831313874704344,0.2055836830423133,2,4,0,0,2.5+
8,HOU,00-0039163,0.4838709677419355,2.3644000000000003,0.6795512595973123,0.7576690018081148,2.3644000000000003,0.08033864746879166,0.0608701028342934,0,2,0,0,<0.75
8,SF,00-0036972,1.2222222222222223,1.98515,0.619449857297379,0.7554491157861081,1.98515,0.13448485759777118,0.1015964667588569,0,2,0,0,0.75-1.5
8,NE,00-0039851,0.8333333333333334,2.629875,0.5944551223418238,1.066532335131296,2.629875,0.18436095227794236,0.1966269169400233,0,3,0,0,0.75-1.5
8,CLE,00-0040704,0.2,1.5679750000000001,0.625974379983074,0.5864628215460396,1.5679750000000001,0.05632029887119259,0.03302976138631583,0,2,0,0,<0.75
8,PHI,00-0036389,3.774193548387097,2.857425,0.5281850290648699,1.3481758933243142,2.857425,0.3866805895452959,0.5213134492414018,1,5,0,0,2.5+
8,NYG,00-0040691,3.1666666666666665,1.795525,0.6344765093646855,0.6563065655229732,1.795525,0.3699842720179787,0.24282310686563705,1,2,1,1,2.5+
8,NO,00-0040743,1.5454545454545454,2.2127000000000003,0.7079782644101508,0.6461564943396595,2.2127000000000003,0.0,0.0,0,0,0,0,1.5-2.5
8,TB,00-0034855,0.4411764705882353,2.89535,0.6494744948199572,1.0148940214230369,2.89535,0.08974890518407666,0.09108562730058241,1,1,0,0,<0.75
8,DEN,00-0039732,1.6470588235294117,3.1987500000000004,0.6682958592867022,1.0610386201066615,3.1987500000000004,0.2053936783197903,0.21793062502306182,2,6,0,0,1.5-2.5
8,DAL,00-0033077,0.56,2.6678,0.683983160024656,0.8430697256862228,2.6678,0.13942225892653132,0.11754268558774428,2,3,0,0,<0.75
8,IND,00-0035710,2.391304347826087,3.80555,0.4921607933380427,1.9326074929124115,3.80555,0.3009069850827011,0.5815350940405113,2,5,0,0,1.5-2.5
8,TEN,00-0040676,0.5882352941176471,1.4542000000000002,0.7053117528884579,0.4285356489496045,1.4542000000000002,0.10279218188010883,0.044050114368938215,1,2,0,0,<0.75
8,PIT,00-0023459,0.06060606060606061,2.3264750000000003,0.6311048422598353,0.8582253621035497,2.3264750000000003,0.038051047441241465,0.032656373968678806,0,2,0,0,<0.75
8,GB,00-0036264,0.5,2.781575,0.5566172658512586,1.2333023287397855,2.781575,0.07237924663542443,0.08926549342790023,1,4,0,0,<0.75
8,KC,00-0033873,0.13333333333333333,3.5021500000000003,0.6450365063173303,1.2431353994007617,3.5021500000000003,0.16918359499127375,0.2103181159315338,1,4,0,0,<0.75
8,WAS,00-0032268,2.769230769230769,1.9093,0.6403852313299524,0.6866124778217219,1.9093,0.3046852046204433,0.20920066330006093,0,1,0,0,2.5+
9,MIA,00-0036212,0.36,2.3644000000000003,0.7051910522535666,0.6970462760516672,2.3644000000000003,0.09818170763154613,0.0684371936809628,0,0,0,0,<0.75
9,BAL,00-0034796,3.6333333333333333,3.5021500000000003,0.5241165437069144,1.6666152464568298,3.5021500000000003,0.25671799726283906,0.42785012827811025,0,4,0,0,2.5+
9,CIN,00-0026158,0.42105263157894735,2.705725,0.6917063570251101,0.8341578171382341,2.705725,0.22992383381424344,0.19179276332254339,0,4,0,0,<0.75
9,CHI,00-0039918,1.3235294117647058,3.160825,0.59270760462603,1.2873799856079287,3.160825,0.25104746042357506,0.3231934759870091,2,6,0,0,0.75-1.5
9,DET,00-0033106,0.3235294117647059,3.3504500000000004,0.5508940756469773,1.504706944248585,3.3504500000000004,0.05812917671982573,0.08746737587377496,1,3,0,0,<0.75
9,MIN,00-0039923,1.0,1.9093,0.7412460125556637,0.49403898822747133,1.9093,0.19413531091018033,0.09591041258129107,1,3,1,1,0.75-1.5
9,GB,00-0036264,0.5,3.2746000000000004,0.5389574417516245,1.5097299612401305,3.2746000000000004,0.0720285592337826,0.10874367394020104,1,1,0,0,<0.75
9,CAR,00-0039150,0.23333333333333334,1.3783500000000002,0.6847600006613808,0.4345110530883859,1.3783500000000002,0.11438337678449281,0.0497008415024356,2,2,0,0,<0.75
9,HOU,00-0036898,0.4,2.2127000000000003,0.6866198086933583,0.6934163493042063,2.2127000000000003,0.02,0.013868326986084126,0,0,0,0,<0.75
9,DEN,00-0039732,1.6470588235294117,1.98515,0.6742268421341574,0.6467085843373774,1.98515,0.20543578903711238,0.13285708830042306,0,2,0,0,1.5-2.5
9,NE,00-0039851,0.8333333333333334,2.89535,0.6045461615958667,1.1449772710234074,2.89535,0.21456932466177203,0.2456769997965712,1,3,0,0,0.75-1.5
9,ATL,00-0039917,0.07142857142857142,2.061,0.6326239532991029,0.7571620322505489,2.061,0.09617919241587077,0.07282323278981728,0,3,0,0,<0.75
9,NYG,00-0040691,3.1666666666666665,2.4402500000000003,0.6041559532216465,0.9659584351508772,2.4402500000000003,0.471867449701021,0.4558043433118335,1,3,1,1,2.5+
9,SF,00-0036972,1.2222222222222223,2.8195,0.6367999551517024,1.0240425264497752,2.8195,0.1329282136917181,0.1361241437853226,2,4,0,0,0.75-1.5
9,PIT,00-0023459,0.06060606060606061,2.6678,0.6602341889737562,0.9064272306558133,2.6678,0.038015392426167006,0.03445818687914454,2,3,0,0,<0.75
9,IND,00-0035710,2.391304347826087,3.1987500000000004,0.5630589919401838,1.3976650495313372,3.1987500000000004,0.2756213397204363,0.38522631343225705,1,2,1,1,1.5-2.5
9,TEN,00-0040676,0.5882352941176471,1.643825,0.6989169348216034,0.49492786961687774,1.643825,0.10129531923670973,0.050133876551986284,0,0,0,0,<0.75
9,LAC,00-0036355,1.1818181818181819,3.160825,0.6102247851368114,1.232011243519938,3.160825,0.2533145716321882,0.3120864003982926,1,3,1,1,0.75-1.5
9,LA,00-0026498,0.48484848484848486,3.464225,0.6162508502176329,1.3293933984048205,3.464225,0.09496083000285732,0.12624030051284094,1,5,0,0,<0.75
9,NO,00-0040743,1.5454545454545454,1.3404250000000002,0.7523268683248099,0.3319872575257168,1.3404250000000002,0.27294903805498144,0.09061560258815579,0,1,0,0,1.5-2.5
9,LV,00-0030565,0.9375,2.1368500000000004,0.6724468822172196,0.6999318797341344,2.1368500000000004,0.12246680374831798,0.08571842015259154,0,4,0,0,0.75-1.5
9,JAX,00-0036971,1.2592592592592593,2.5161000000000002,0.6345944115071919,0.9193970012067546,2.5161000000000002,0.1834992483080151,0.1687086586180827,3,3,2,1,0.75-1.5
9,BUF,00-0034857,2.5,2.89535,0.5479668875648467,1.3087940720891211,2.89535,0.2849796622397105,0.37297969260529307,3,4,2,1,1.5-2.5
9,KC,00-0033873,0.13333333333333333,3.2746000000000004,0.666993061663022,1.0904645202782683,3.2746000000000004,0.16623025227459842,0.1812681923023555,2,2,0,0,<0.75
9,WAS,00-0039910,3.125,2.4402500000000003,0.6405871577429998,0.8770571883176449,2.4402500000000003,0.2737588047892645,0.24010212760567134,2,2,1,1,2.5+
9,SEA,00-0034869,0.6764705882352942,2.8195,0.5575671372437291,1.2474394565413058,2.8195,0.094940273239235,0.1184322428534344,1,5,0,0,<0.75
9,DAL,00-0033077,0.56,3.3504500000000004,0.644928137474359,1.189650521799034,3.3504500000000004,0.14971515289317663,0.1781087097605898,0,1,0,0,<0.75
9,ARI,00-0033119,0.8,2.8195,0.6615896582007914,0.9541479587028686,2.8195,0.14234512707203498,0.13581831242708262,1,3,1,1,0.75-1.5
10,DEN,00-0039732,1.6470588235294117,2.9712,0.6595299838620482,1.0116045119490824,2.9712,0.2074926912544647,0.20990054266947442,0,1,0,0,1.5-2.5
10,LV,00-0030565,0.9375,1.5300500000000001,0.6935596265043681,0.4688690934669916,1.5300500000000001,0.10677434909389037,0.05006319226518048,1,1,0,0,0.75-1.5
10,IND,00-0035710,2.391304347826087,3.1987500000000004,0.5668458675938726,1.3855517810341003,3.1987500000000004,0.23924744024425193,0.3314897169382728,3,4,0,0,1.5-2.5
10,ATL,00-0039917,0.07142857142857142,2.2127000000000003,0.6578482344750076,0.7570792115771507,2.2127000000000003,0.14673523694439108,0.11109019749644601,2,3,0,0,<0.75
10,CAR,00-0039150,0.23333333333333334,2.3644000000000003,0.6222877050925286,0.8930629500792254,2.3644000000000003,0.13438618265437277,0.12001532073119978,1,1,0,0,<0.75
10,NO,00-0040743,1.5454545454545454,1.5300500000000001,0.7209279501951629,0.4269941898038911,1.5300500000000001,0.19896251733251577,0.0849558388897402,0,2,0,0,1.5-2.5
10,CHI,00-0039918,1.3235294117647058,2.8195,0.5931270454119167,1.1471782954611007,2.8195,0.19323637305178432,0.22167657305863134,2,3,1,1,0.75-1.5
10,NYG,00-0040691,3.1666666666666665,2.1368500000000004,0.6222347079176133,0.8072277643862482,2.1368500000000004,0.4136813232135082,0.3339350497059852,2,2,2,1,2.5+
10,HOU,00-0036898,0.4,1.7576,0.6480878769019233,0.6185207475571797,1.7576,0.13151340630976432,0.08134377038450653,2,4,1,1,<0.75
10,JAX,00-0036971,1.2592592592592593,1.98515,0.6042687979576863,0.7855857957342991,1.98515,0.1930971862625433,0.15169440672411424,1,2,0,0,0.75-1.5
10,MIA,00-0036212,0.36,2.2127000000000003,0.7117256734620427,0.6378646023305381,2.2127000000000003,0.09009050069301452,0.05746554139830878,2,4,0,0,<0.75
10,BUF,00-0034857,2.5,3.5021500000000003,0.486899790159127,1.7969538998942136,3.5021500000000003,0.2952186701197993,0.5304943405933567,0,2,0,0,1.5-2.5
10,MIN,00-0039923,1.0,2.3644000000000003,0.7172182838159921,0.6686090897454684,2.3644000000000003,0.20019682749414042,0.1338534186007878,1,2,0,0,0.75-1.5
10,BAL,00-0034796,3.6333333333333333,3.0470500000000005,0.5501042547986911,1.3708548304156485,3.0470500000000005,0.23048985335119587,0.3159681288282813,1,2,0,0,2.5+
10,NYJ,00-0036945,4.8125,1.7576,0.6695094586348272,0.5808701755034277,1.7576,0.35342212485358027,0.2052923716904935,0,1,0,0,2.5+
10,CLE,00-0040704,0.2,1.98515,0.635193952414359,0.7241947253646351,1.98515,0.10900178248136827,0.07893851592835019,0,2,0,0,<0.75
10,TB,00-0034855,0.4411764705882353,2.89535,0.6255588314989282,1.0841382372195782,2.89535,0.08884367099635103,0.09631882086210018,0,3,0,0,<0.75
10,NE,00-0039851,0.8333333333333334,2.5161000000000002,0.6110825549858492,0.9785551834001049,2.5161000000000002,0.2032232065572605,0.19886512216379745,2,4,0,0,0.75-1.5
10,SEA,00-0034869,0.6764705882352942,2.933275,0.5477955447592256,1.3264400234463825,2.933275,0.09441702719397065,0.12523852376490816,2,3,0,0,<0.75
10,ARI,00-0033119,0.8,1.871375,0.6556671254682206,0.6443759330769087,1.871375,0.1764619987108279,0.113707865071906,1,3,0,0,0.75-1.5
10,SF,00-0036972,1.2222222222222223,2.3644000000000003,0.6454582786490746,0.8382784459621282,2.3644000000000003,0.1439700119456113,0.12068695787891606,1,4,0,0,0.75-1.5
10,LA,00-0026498,0.48484848484848486,3.1987500000000004,0.6400863479030379,1.1512737946451577,3.1987500000000004,0.09439034976166596,0.10866913614799684,2,6,0,0,<0.75
10,WAS,00-0032268,2.769230769230769,2.1368500000000004,0.6220569914183567,0.8076075178876847,2.1368500000000004,0.42702905032808985,0.3448718714014038,1,3,0,0,2.5+
10,DET,00-0033106,0.3235294117647059,3.4263000000000003,0.5561184576463447,1.5208713285663293,3.4263000000000003,0.05786952971916026,0.08801210854748795,2,5,0,0,<0.75
10,LAC,00-0036355,1.1818181818181819,2.705725,0.6211481347386494,1.025068963134268,2.705725,0.28673668210400854,0.29392487341691625,1,2,0,0,0.75-1.5
10,PIT,00-0023459,0.06060606060606061,2.2506250000000003,0.6483287013151584,0.7914802166025717,2.2506250000000003,0.06077631980405896,0.04810325476282376,0,1,0,0,<0.75
10,GB,00-0036264,0.5,2.59195,0.5679770787040216,1.1197818108531112,2.59195,0.06601695569436632,0.07392458619444713,1,1,0,0,<0.75
10,PHI,00-0036389,3.774193548387097,2.3644000000000003,0.5734591099030958,1.0085132805451205,2.3644000000000003,0.37979041256123064,0.3830236748917114,0,1,0,0,2.5+
11,NE,00-0039851,0.8333333333333334,3.2746000000000004,0.553108695948195,1.4633902642480408,3.2746000000000004,0.22651594756202978,0.33148123235919413,2,3,0,0,0.75-1.5
11,NYJ,00-0036945,4.8125,1.3783500000000002,0.6567567958355891,0.47310927046001583,1.3783500000000002,0.33640475061314645,0.1591562061418693,1,2,1,1,2.5+
11,MIA,00-0036212,0.36,2.8195,0.6800156213499993,0.9021959556036772,2.8195,0.08974898347492097,0.08097116991061495,1,1,0,0,<0.75
11,WAS,00-0032268,2.769230769230769,2.4402500000000003,0.6034840231268581,0.9675981125646845,2.4402500000000003,0.3289748907236266,0.3183154833453545,0,1,0,0,2.5+
11,ATL,00-0039917,0.07142857142857142,2.59195,0.606621449707563,1.019617533430482,2.59195,0.1441727880236262,0.1470011025124455,3,3,0,0,<0.75
11,CAR,00-0039150,0.23333333333333334,1.9093,0.6495034031625603,0.6692031523417237,1.9093,0.11641042915418948,0.07790222615543649,0,3,0,0,<0.75
11,BUF,00-0034857,2.5,3.009125,0.5269809502052678,1.4233734482135736,3.009125,0.27582930411735895,0.39260810771987564,3,6,3,1,1.5-2.5
11,TB,00-0034855,0.4411764705882353,2.0989250000000004,0.6594766783162802,0.7147329129650017,2.0989250000000004,0.062497465947089444,0.04466899588929423,3,4,1,1,<0.75
11,JAX,00-0036971,1.2592592592592593,2.0989250000000004,0.6135954392214392,0.8110341927321408,2.0989250000000004,0.1746352440440335,0.1416351541758331,4,5,1,1,0.75-1.5
11,LAC,00-0036355,1.1818181818181819,2.554025,0.6172973554090979,0.9774321218512788,2.554025,0.25776294881286205,0.2519457859927983,0,0,0,0,0.75-1.5
11,MIN,00-0039923,1.0,2.857425,0.7043356245007028,0.8448387781610794,2.857425,0.2102935515746181,0.17766414716745432,1,2,0,0,0.75-1.5
11,CHI,00-0039918,1.3235294117647058,2.4023250000000003,0.6329018706338435,0.881889013629552,2.4023250000000003,0.18582370088575706,0.16387588028313319,1,1,0,0,0.75-1.5
11,NYG,00-0031503,1.5833333333333333,1.6059,0.6197480976614228,0.6106465299655212,1.6059,0.0,0.0,3,3,1,1,1.5-2.5
11,GB,00-0036264,0.5,2.74365,0.557063715094202,1.2152621380817925,2.74365,0.07103178184525076,0.0863222350770189,1,4,0,0,<0.75
11,PIT,00-0023459,0.06060606060606061,3.1229000000000005,0.6459162760176006,1.1057680616246353,3.1229000000000005,0.06074735068303467,0.0671724802136112,0,2,0,0,<0.75
11,CIN,00-0026158,0.42105263157894735,2.2885500000000003,0.7062804418012525,0.6721918949157437,2.2885500000000003,0.2388396563871055,0.16054608120787356,0,1,0,0,<0.75
11,TEN,00-0040676,0.5882352941176471,1.4542000000000002,0.6529048298511206,0.5047457964305004,1.4542000000000002,0.08959887016506751,0.04522465308074,0,1,0,0,<0.75
11,HOU,00-0036898,0.4,2.2885500000000003,0.63433328792963,0.8368465539086455,2.2885500000000003,0.17082565935024627,0.14295486434642576,0,1,0,0,<0.75
11,ARI,00-0033119,0.8,2.4402500000000003,0.6577942740088648,0.8350675228498677,2.4402500000000003,0.18932387610756618,0.15809822023748055,1,3,0,0,0.75-1.5
11,SF,00-0037834,1.0833333333333333,2.9712,0.6255613943791937,1.1125319850205397,2.9712,0.12749852025463496,0.14184618182607053,2,5,0,0,0.75-1.5
11,LA,00-0026498,0.48484848484848486,3.009125,0.637639339633439,1.0903885221255278,3.009125,0.09386550793976992,0.10234987248100771,1,3,0,0,<0.75
11,SEA,00-0034869,0.6764705882352942,2.554025,0.5475903875193576,1.1554654605158727,2.554025,0.09468871264055022,0.10940953695686849,1,1,0,0,<0.75
11,CLE,00-0040668,0.125,1.3025000000000002,0.6776794965471077,0.4198224557473923,1.3025000000000002,0.0,0.0,0,0,0,0,<0.75
11,BAL,00-0034796,3.6333333333333333,2.4402500000000003,0.5493006597770286,1.0998190649791062,2.4402500000000003,0.2243235324060721,0.24671529766365644,2,2,0,0,2.5+
11,DEN,00-0039732,1.6470588235294117,2.1368500000000004,0.6875200514167864,0.6677227781300401,2.1368500000000004,0.2545337637355472,0.16995799184939483,1,1,0,0,1.5-2.5
11,KC,00-0033873,0.13333333333333333,2.6678,0.6338301248787371,0.9768679928485051,2.6678,0.15311012444968802,0.14956837995595157,1,2,0,0,<0.75
11,PHI,00-0036389,3.774193548387097,2.74365,0.574744739384722,1.1667515957871075,2.74365,0.363764402705577,0.4244226973472759,1,1,1,1,2.5+
11,DET,00-0033106,0.3235294117647059,2.3644000000000003,0.5890071893293976,0.9717514015495725,2.3644000000000003,0.05762985556469984,0.05600189291609651,0,1,0,0,<0.75
11,LV,00-0030565,0.9375,2.4402500000000003,0.6631935492468437,0.8218919414503897,2.4402500000000003,0.10069153799845196,0.08275756365317337,0,1,0,0,0.75-1.5
11,DAL,00-0033077,0.56,2.9712,0.6523458488991014,1.03295001375099,2.9712,0.11445969100564404,0.11823113939821407,0,4,0,0,<0.75
12,HOU,00-0036898,0.4,1.9093,0.6679777004590419,0.6339301765135512,1.9093,0.1494607295585973,0.09474766667092574,0,2,0,0,<0.75
12,BUF,00-0034857,2.5,2.74365,0.5371562786251487,1.2698811761501108,2.74365,0.3215983334074632,0.40839166987538483,1,1,0,0,1.5-2.5
12,BAL,00-0034796,3.6333333333333333,3.464225,0.526855115057242,1.6390803390408257,3.464225,0.20562837540650244,0.3370414272777042,2,2,0,0,2.5+
12,NYJ,00-0028118,0.5,1.3404250000000002,0.6570955484248917,0.4596376995025646,1.3404250000000002,0.26808214659062907,0.12322066113662603,0,1,0,0,<0.75
12,CHI,00-0039918,1.3235294117647058,2.781575,0.6046475597394141,1.0997024640178392,2.781575,0.17245002654922906,0.189643719116129,1,4,0,0,0.75-1.5
12,PIT,00-0034771,1.0833333333333333,2.3264750000000003,0.6710561238109047,0.7652797043570255,2.3264750000000003,0.02,0.01530559408714051,2,3,0,0,0.75-1.5
12,CIN,00-0026158,0.42105263157894735,2.2885500000000003,0.7070865821542073,0.670347002410989,2.2885500000000003,0.16030133747702882,0.10745752106019861,0,1,0,0,<0.75
12,NE,00-0039851,0.8333333333333334,3.4263000000000003,0.5702691394575397,1.472386847476632,3.4263000000000003,0.1433417790693544,0.21105455019561864,0,1,0,0,0.75-1.5
12,DET,00-0033106,0.3235294117647059,3.9193250000000006,0.5520030232182831,1.755845751025003,3.9193250000000006,0.05740793505131056,0.10079947883496297,2,4,0,0,<0.75
12,NYG,00-0031503,1.5833333333333333,1.795525,0.6153534037949462,0.6906425796510792,1.795525,0.3559527994995965,0.24583615968042474,0,3,0,0,1.5-2.5
12,GB,00-0036264,0.5,2.6678,0.5654333986861687,1.1593367789850393,2.6678,0.11372603853425559,0.1318467792010323,2,2,0,0,<0.75
12,MIN,00-0039923,1.0,1.68175,0.7387712263612335,0.4393214900669956,1.68175,0.20006607223160106,0.08789332496463814,0,0,0,0,0.75-1.5
12,KC,00-0033873,0.13333333333333333,3.1229000000000005,0.6341207336698762,1.1426043608223437,3.1229000000000005,0.14056305798816018,0.1606079630277958,1,1,0,0,<0.75
12,IND,00-0035710,2.391304347826087,2.59195,0.5771309827520151,1.0960553492559144,2.59195,0.22653758814359373,0.24829773529231913,0,2,0,0,1.5-2.5
12,TEN,00-0040676,0.5882352941176471,1.2266500000000002,0.6773367600054823,0.39579486333927527,1.2266500000000002,0.17249353206264442,0.06827205394964325,1,2,1,1,<0.75
12,SEA,00-0034869,0.6764705882352942,3.1229000000000005,0.5157699447834057,1.5122020394359028,3.1229000000000005,0.08771077086953052,0.13263640658939924,1,3,0,0,<0.75
12,ARI,00-0033119,0.8,2.4402500000000003,0.6586656500464996,0.8329411474740295,2.4402500000000003,0.16135374511530107,0.13439817360557096,1,2,0,0,0.75-1.5
12,JAX,00-0036971,1.2592592592592593,2.8195,0.5683840526174768,1.2169411636450242,2.8195,0.17160574864960268,0.208834099449823,0,3,0,0,0.75-1.5
12,LV,00-0030565,0.9375,1.947225,0.6655599206786833,0.651230083456451,1.947225,0.15169244961924885,0.09878668662525691,0,1,0,0,0.75-1.5
12,CLE,00-0040668,0.125,1.4921250000000001,0.6644061238529073,0.5007480124459808,1.4921250000000001,0.10069320033641753,0.05042191993528603,2,3,0,0,<0.75
12,DAL,00-0033077,0.56,2.4023250000000003,0.6763158715347928,0.777594473915179,2.4023250000000003,0.113947966360877,0.08860530895609067,1,3,1,1,<0.75
12,PHI,00-0036389,3.774193548387097,2.857425,0.566616334525101,1.2383613203196133,2.857425,0.37825208593995063,0.4684127525582451,2,3,2,1,2.5+
12,NO,00-0040743,1.5454545454545454,2.2885500000000003,0.6754870471654982,0.7426641182093991,2.2885500000000003,0.15927689383873916,0.1182892339138793,0,0,0,0,1.5-2.5
12,ATL,00-0029604,0.5833333333333334,2.061,0.5903023447659259,0.8443868674374266,2.061,0.1382891958201784,0.11676958085904131,0,2,0,0,<0.75
12,LA,00-0026498,0.48484848484848486,3.312525,0.6133202884805443,1.280886211400985,3.312525,0.09338103856571202,0.11961048470512414,0,3,0,0,<0.75
12,TB,00-0034855,0.4411764705882353,2.2506250000000003,0.6548783482146602,0.7767394175493806,2.2506250000000003,0.09124227450603499,0.07087147115569832,0,1,0,0,<0.75
12,SF,00-0037834,1.0833333333333333,3.2746000000000004,0.6147443200766899,1.2615582494768713,3.2746000000000004,0.11281416322637776,0.14232163827606717,1,2,0,0,0.75-1.5
12,CAR,00-0039150,0.23333333333333334,2.1368500000000004,0.6736982135480866,0.6972579723797714,2.1368500000000004,0.13755369291194217,0.09591040901313053,0,1,0,0,<0.75
13,DET,00-0033106,0.3235294117647059,2.89535,0.5857430350643329,1.1994189034264837,2.89535,0.057201866003163376,0.06860899939546287,1,3,0,0,<0.75
13,GB,00-0036264,0.5,2.5161000000000002,0.5586995256270169,1.110356123569863,2.5161000000000002,0.060697569156501714,0.06739591759872693,0,4,0,0,<0.75
13,DAL,00-0033077,0.56,2.8195,0.6758515345542659,0.9139365983242472,2.8195,0.1433697324325681,0.13103084556207878,1,3,0,0,<0.75
13,KC,00-0033873,0.13333333333333333,3.3504500000000004,0.628571158215693,1.2444537629562316,3.3504500000000004,0.11619913514101722,0.14460445097849858,0,4,0,0,<0.75
13,BAL,00-0034796,3.6333333333333333,3.540075,0.5266448958979378,1.6757125701541076,3.540075,0.19792013274069786,0.33165725432015697,2,2,0,0,2.5+
13,CIN,00-0036442,0.4,2.4781750000000002,0.7215105771128313,0.6901455255634094,2.4781750000000002,0.13641536952404903,0.09414645689510152,0,2,0,0,<0.75
13,PHI,00-0036389,3.774193548387097,2.857425,0.5606749003122727,1.255338522975204,2.857425,0.4099369221553539,0.5146096103715032,0,2,0,0,2.5+
13,CHI,00-0039918,1.3235294117647058,1.795525,0.6187246033264272,0.6845895066123168,1.795525,0.15653785338990234,0.10716417181834442,2,3,0,0,0.75-1.5
13,CAR,00-0039150,0.23333333333333334,1.643825,0.6915342195638086,0.5070637615255225,1.643825,0.16357905661450176,0.08294501175374565,0,3,0,0,<0.75
13,LA,00-0026498,0.48484848484848486,3.160825,0.6308163000060012,1.1669250685335313,3.160825,0.09293245581195472,0.10844521236735465,2,4,0,0,<0.75
13,CLE,00-0040668,0.125,1.3025000000000002,0.6455326495806907,0.4616937239211505,1.3025000000000002,0.05733439393161833,0.026470929843051078,0,1,0,0,<0.75
13,SF,00-0037834,1.0833333333333333,2.1368500000000004,0.6186326399131299,0.8149248434016285,2.1368500000000004,0.1142599279157897,0.09311325386385629,2,3,1,1,0.75-1.5
13,IND,00-0035710,2.391304347826087,2.629875,0.5814464994030948,1.1007433873822863,2.629875,0.20315049536161897,0.2236165644127379,0,2,0,0,1.5-2.5
13,HOU,00-0039163,0.4838709677419355,2.1747750000000003,0.6552159768215802,0.7498276740078481,2.1747750000000003,0.10809579241407771,0.08105321659588308,2,2,0,0,<0.75
13,MIA,00-0036212,0.36,2.59195,0.6389262036273746,0.9358852265080264,2.59195,0.08943851327665409,0.08370418325646253,1,1,0,0,<0.75
13,NO,00-0040743,1.5454545454545454,1.7576,0.6684790019086311,0.58268130624539,1.7576,0.2801574572216565,0.1632425131283018,0,2,0,0,1.5-2.5
13,NYJ,00-0028118,0.5,1.719675,0.6373507856198828,0.6236387877391281,1.719675,0.26722516366643223,0.1666519771223239,2,3,1,1,<0.75
13,ATL,00-0029604,0.5833333333333334,2.1747750000000003,0.5705732334730913,0.933906596173558,2.1747750000000003,0.13128945683915053,0.12261208975012632,2,3,0,0,<0.75
13,TB,00-0034855,0.4411764705882353,2.74365,0.6417797610763062,0.9828309585229926,2.74365,0.09244653066713933,0.09085931234770978,1,2,0,0,<0.75
13,ARI,00-0033119,0.8,2.061,0.6546434876234727,0.7117797720080228,2.061,0.1411392832278479,0.10046008683729334,0,2,0,0,0.75-1.5
13,TEN,00-0040676,0.5882352941176471,1.795525,0.6730111352371801,0.5871166814032621,1.795525,0.2414612561065475,0.14176593137273932,0,0,0,0,<0.75
13,JAX,00-0036971,1.2592592592592593,2.705725,0.5883584638502815,1.1137887953986974,2.705725,0.1615655248922287,0.17994987134767365,1,3,0,0,0.75-1.5
13,SEA,00-0034869,0.6764705882352942,3.1987500000000004,0.5285026180017944,1.5082022506667603,3.1987500000000004,0.0872635874503378,0.13161113899385513,1,1,0,0,<0.75
13,MIN,00-0040494,0.0,1.3025000000000002,0.7337087760434127,0.34684431920345504,1.3025000000000002,0.0,0.0,0,0,0,0,<0.75
13,LAC,00-0036355,1.1818181818181819,2.857425,0.615638031048278,1.0982854991318745,2.857425,0.22075209372579097,0.24244882344203667,2,4,0,0,0.75-1.5
13,LV,00-0030565,0.9375,1.3404250000000002,0.716908848101591,0.37946245728342504,1.3404250000000002,0.17957693992178161,0.06814270689415723,0,2,0,0,0.75-1.5
13,PIT,00-0023459,0.06060606060606061,2.1747750000000003,0.646629916593291,0.7685004231408256,2.1747750000000003,0.0548404444033179,0.04214490472918073,1,1,0,0,<0.75
13,BUF,00-0034857,2.5,2.629875,0.561874002758145,1.1522166069964235,2.629875,0.2896959251992177,0.3337924559937323,1,2,1,1,1.5-2.5
13,WAS,00-0032268,2.769230769230769,1.83345,0.6027887965718987,0.7282668809252524,1.83345,0.3243982280735527,0.23624848573680485,1,3,0,0,2.5+
13,DEN,00-0039732,1.6470588235294117,2.8195,0.6521481504285849,0.980768289866605,2.8195,0.2245210286692868,0.2202031053270674,2,3,0,0,1.5-2.5
13,NE,00-0039851,0.8333333333333334,3.084975,0.5565950808726147,1.3678930903850055,3.084975,0.16176936381767176,0.22128319500217133,0,2,0,0,0.75-1.5
13,NYG,00-0040691,3.1666666666666665,2.023075,0.6025572396828766,0.8040565123285645,2.023075,0.4959958578730959,0.39880869961085585,1,2,0,0,2.5+
14,DET,00-0033106,0.3235294117647059,3.5021500000000003,0.5920366389363594,1.428748884949029,3.5021500000000003,0.05203166655459447,0.07434018557191654,4,5,0,0,<0.75
14,DAL,00-0033077,0.56,2.9712,0.691995190636692,0.9151438895802607,2.9712,0.14296812634380104,0.13083640722826823,1,2,0,0,<0.75
14,ATL,00-0029604,0.5833333333333334,1.871375,0.5856112702160565,0.7754767091994272,1.871375,0.13169401713809917,0.10212564303150612,0,0,0,0,<0.75
14,SEA,00-0034869,0.6764705882352942,2.933275,0.5342022605315012,1.3663128642394609,2.933275,0.08684724426695145,0.11866050706568253,0,3,0,0,<0.75
14,BAL,00-0034796,3.6333333333333333,2.74365,0.5466478247508149,1.243839695622427,2.74365,0.22057389479032516,0.27435856615825127,1,2,1,1,2.5+
14,PIT,00-0023459,0.06060606060606061,1.9093,0.6484245759229468,0.6712629571903177,1.9093,0.050957373065238086,0.03420579693442196,2,3,1,1,<0.75
14,CLE,00-0040668,0.125,1.9093,0.5931640000266721,0.7767719747490749,1.9093,0.10862224693532277,0.08437471725363231,1,4,1,1,<0.75
14,TEN,00-0040676,0.5882352941176471,1.2266500000000002,0.6871986025174327,0.3836978342219913,1.2266500000000002,0.24054761654402437,0.09229759949520418,2,4,0,0,<0.75
14,GB,00-0036264,0.5,2.89535,0.5472902791768404,1.3107530901853353,2.89535,0.08893377671292821,0.11657022264832326,1,4,0,0,<0.75
14,CHI,00-0039918,1.3235294117647058,1.9093,0.6187236671029286,0.7279709024003784,1.9093,0.1306471075909092,0.0951072928089535,0,2,0,0,0.75-1.5
14,JAX,00-0036971,1.2592592592592593,2.2127000000000003,0.5990341204616079,0.8872172016546004,2.2127000000000003,0.1888931290596204,0.1675892333760577,2,4,0,0,0.75-1.5
14,IND,00-0040206,0.2,2.59195,0.5969229693831206,1.0447555095074206,2.59195,0.0,0.0,2,2,1,1,<0.75
14,MIN,00-0039923,1.0,2.2127000000000003,0.7129925139481629,0.6350614643869001,2.2127000000000003,0.16801165083390968,0.10669772501264321,1,4,0,0,0.75-1.5
14,WAS,00-0039910,3.125,2.4402500000000003,0.5962624091536456,0.9852206560628165,2.4402500000000003,0.28997231314623917,0.2856867125979902,0,0,0,0,2.5+
14,NYJ,00-0040398,1.2,1.98515,0.6257534455537304,0.7429355475590121,1.98515,0.0,0.0,0,0,0,0,0.75-1.5
14,MIA,00-0036212,0.36,2.3644000000000003,0.6461563335826865,0.836627964877096,2.3644000000000003,0.08153422050893484,0.06821380897223055,3,4,0,0,<0.75
14,TB,00-0034855,0.4411764705882353,2.74365,0.6437355199286686,0.9774650407477083,2.74365,0.08737344618846984,0.08540448913888038,1,2,0,0,<0.75
14,NO,00-0040743,1.5454545454545454,1.6059,0.6797520364172362,0.5142862047175604,1.6059,0.37869127048773443,0.194755696258808,3,3,2,1,1.5-2.5
14,LV,00-0030565,0.9375,1.4542000000000002,0.6954076452632295,0.4429382022582117,1.4542000000000002,0.20141192158139132,0.08921303445863338,0,2,0,0,0.75-1.5
14,DEN,00-0039732,1.6470588235294117,2.74365,0.6350656605415352,1.0012521004552168,2.74365,0.20293165154243484,0.20318574235570905,2,2,1,1,1.5-2.5
14,ARI,00-0033119,0.8,2.061,0.6897155823644543,0.6394961847468597,2.061,0.15552220595846147,0.09945585735385144,0,2,0,0,0.75-1.5
14,LA,00-0026498,0.48484848484848486,3.5021500000000003,0.6359852987723018,1.2748340859045832,3.5021500000000003,0.09251591468346577,0.11794244152712251,3,6,0,0,<0.75
14,BUF,00-0034857,2.5,3.615925,0.5507692817624521,1.6243845848431053,3.615925,0.2712342836411275,0.44058878922760997,1,4,1,1,1.5-2.5
14,CIN,00-0036442,0.4,2.705725,0.7220522745140003,0.7520501095406065,2.705725,0.13516606105303325,0.10165165102110596,1,5,0,0,<0.75
14,KC,00-0033873,0.13333333333333333,2.5161000000000002,0.6309382694569263,0.9285962202194278,2.5161000000000002,0.10840389907384407,0.10066345093701994,1,1,0,0,<0.75
14,HOU,00-0039163,0.4838709677419355,1.83345,0.6600090220919635,0.6233564584454895,1.83345,0.091306119873445,0.056916259518709995,1,2,0,0,<0.75
14,LAC,00-0036355,1.1818181818181819,2.061,0.6231754397202355,0.7766354187365947,2.061,0.20199124779382405,0.15687355731148378,0,1,0,0,0.75-1.5
14,PHI,00-0036389,3.774193548387097,2.2885500000000003,0.5992405834562622,0.9171579627311713,2.2885500000000003,0.4023312238077217,0.36900128557062895,1,1,0,0,2.5+
15,TB,00-0034855,0.4411764705882353,2.781575,0.6370111047072775,1.0096808364238545,2.781575,0.08255395785863975,0.08335314922081104,1,3,0,0,<0.75
15,ATL,00-0029604,0.5833333333333334,1.871375,0.5975977261773532,0.7530455551748557,1.871375,0.12329683679788525,0.09284813491776708,1,4,0,0,<0.75
15,CHI,00-0039918,1.3235294117647058,2.5161000000000002,0.5729831396558421,1.0744171223119356,2.5161000000000002,0.12218364336485407,0.13127619849765435,2,4,0,0,0.75-1.5
15,CLE,00-0040668,0.125,1.3783500000000002,0.6216054984619327,0.5215600611949951,1.3783500000000002,0.18067939145716888,0.09423515446507548,0,0,0,0,<0.75
15,CIN,00-0036442,0.4,2.74365,0.7173382937486772,0.7755247903564418,2.74365,0.13338423244458936,0.10344277890344507,0,0,0,0,<0.75
15,BAL,00-0034796,3.6333333333333333,3.1229000000000005,0.569341590334359,1.3449031475448303,3.1229000000000005,0.21789344463177887,0.2930455795146646,0,2,0,0,2.5+
15,HOU,00-0039163,0.4838709677419355,3.0470500000000005,0.6059337637934531,1.200739525033159,3.0470500000000005,0.10311280588065187,0.12381162155797025,0,3,0,0,<0.75
15,ARI,00-0033119,0.8,1.4542000000000002,0.7133414781944213,0.4168588224096726,1.4542000000000002,0.1552727729269468,0.06472682527461153,0,3,0,0,0.75-1.5
15,JAX,00-0036971,1.2592592592592593,3.1229000000000005,0.5666430845791793,1.353330311167681,3.1229000000000005,0.1797498303618996,0.24326089385600747,1,6,1,1,0.75-1.5
15,NYJ,00-0040398,1.2,1.0749500000000003,0.6782872183712613,0.3458251546118128,1.0749500000000003,0.0,0.0,1,2,0,0,0.75-1.5
15,KC,00-0033873,0.13333333333333333,2.59195,0.6030064281097904,1.0289874886608288,2.59195,0.11280695467474217,0.11607694499423887,1,1,1,1,<0.75
15,LAC,00-0036355,1.1818181818181819,1.7576,0.6232452066327367,0.6621842248223019,1.7576,0.1905474354914124,0.1261775058627585,0,1,0,0,0.75-1.5
15,NE,00-0039851,0.8333333333333334,2.59195,0.605034279557296,1.0237313991014665,2.59195,0.17453668583147658,0.17867868558079064,4,4,2,1,0.75-1.5
15,BUF,00-0034857,2.5,2.9712,0.5700879567656905,1.2773546628577805,2.9712,0.25916306670990497,0.33104315170241916,2,5,0,0,1.5-2.5
15,NYG,00-0040691,3.1666666666666665,2.74365,0.5982769593984292,1.1021874203464999,2.74365,0.38936641375982106,0.4291547631515051,1,3,0,0,2.5+
15,WAS,00-0032268,2.769230769230769,2.3644000000000003,0.610645786941467,0.9205891013555956,2.3644000000000003,0.30200861746352636,0.2780258417523936,1,2,0,0,2.5+
15,PHI,00-0036389,3.774193548387097,2.8195,0.5762036511924054,1.1948938054630132,2.8195,0.36610817704249504,0.43746039287743343,1,4,0,0,2.5+
15,LV,00-0038102,0.4,0.92325,0.7242384054044528,0.25459689221033893,0.92325,0.14744718259011508,0.03753959445261369,0,0,0,0,<0.75
15,DEN,00-0039732,1.6470588235294117,2.1368500000000004,0.6523139002180992,0.7429530423189549,2.1368500000000004,0.20185715299742596,0.14997038593328035,1,5,0,0,1.5-2.5
15,GB,00-0036264,0.5,2.3644000000000003,0.5326031723346869,1.1051130593318663,2.3644000000000003,0.08863678945594991,0.09795367356501933,1,2,0,0,<0.75
15,LA,00-0026498,0.48484848484848486,3.5780000000000003,0.6422072394139127,1.2801824973770206,3.5780000000000003,0.09797927437827758,0.12543135216477172,3,5,0,0,<0.75
15,DET,00-0033106,0.3235294117647059,2.74365,0.6178609370588917,1.048455840038372,2.74365,0.05186006130191641,0.05437298413674223,1,4,0,0,<0.75
15,NO,00-0040743,1.5454545454545454,1.98515,0.6302117018897041,0.7340852399936539,1.98515,0.3080376715493388,0.2261259080463827,1,2,0,0,1.5-2.5
15,CAR,00-0039150,0.23333333333333334,2.3644000000000003,0.6585928586312642,0.8072230450522391,2.3644000000000003,0.1803680778474931,0.14559726903027267,1,2,0,0,<0.75
15,SEA,00-0034869,0.6764705882352942,3.1987500000000004,0.5398961323679624,1.4717572465879805,3.1987500000000004,0.08281516319554738,0.12188381656041306,0,0,0,0,<0.75
15,IND,00-0022942,0.3333333333333333,1.1508000000000003,0.6399130511579155,0.4143880607274709,1.1508000000000003,0.0,0.0,0,1,0,0,<0.75
15,SF,00-0037834,1.0833333333333333,3.3504500000000004,0.5833744260932778,1.3958831540957775,3.3504500000000004,0.12191432377485208,0.17017815080029436,1,4,0,0,0.75-1.5
15,TEN,00-0040676,0.5882352941176471,1.4542000000000002,0.7072339524169811,0.4257403863952262,1.4542000000000002,0.22255137380313922,0.0947491078757369,1,3,0,0,<0.75
15,DAL,00-0033077,0.56,3.0470500000000005,0.666781817466549,1.015332463088552,3.0470500000000005,0.1311442474031802,0.1331550117357654,2,2,0,0,<0.75
15,MIN,00-0039923,1.0,2.2127000000000003,0.7215634271225833,0.6160966048058601,2.2127000000000003,0.14120071908891083,0.08699328362682397,2,4,1,1,0.75-1.5
15,PIT,00-0023459,0.06060606060606061,2.4781750000000002,0.6221026203598259,0.9364958387897886,2.4781750000000002,0.07302167720426124,0.06838449684324181,2,4,0,0,<0.75
15,MIA,00-0036212,0.36,2.023075,0.649309673052973,0.7094728331883565,2.023075,0.07422889364498342,0.052663383478743574,0,2,0,0,<0.75
16,SEA,00-0034869,0.6764705882352942,2.3644000000000003,0.5974459434151257,0.9517988113892769,2.3644000000000003,0.07956982044753667,0.07573446052442359,2,4,0,0,<0.75
16,LA,00-0026498,0.48484848484848486,2.1368500000000004,0.6533215082592249,0.7407999350762755,2.1368500000000004,0.08816341680733536,0.06531145344697666,1,4,0,0,<0.75
16,CHI,00-0039918,1.3235294117647058,2.59195,0.5891216422690903,1.0649761593206315,2.59195,0.11369336889261807,0.12108072734348416,0,2,0,0,0.75-1.5
16,GB,00-0036264,0.5,2.3644000000000003,0.5722087158764775,1.0114697121816567,2.3644000000000003,0.10813693326608295,0.10937723276685195,0,1,0,0,<0.75
16,WAS,00-0032268,2.769230769230769,1.795525,0.629680926093838,0.6649171551753617,1.795525,0.3154639388059807,0.20975738475128705,2,2,0,0,2.5+
16,PHI,00-0036389,3.774193548387097,2.857425,0.5642058711700088,1.2452490385720378,2.857425,0.33461758539364356,0.4166822265007314,2,4,0,0,2.5+
16,BAL,00-0035993,2.3333333333333335,2.9712,0.5874080037399785,1.225893339287776,2.9712,0.06508931026106267,0.07979255190787221,3,3,0,0,1.5-2.5
16,NE,00-0039851,0.8333333333333334,2.4402500000000003,0.597419889680276,0.9823961142077065,2.4402500000000003,0.19589025130457427,0.19244182169278487,1,3,0,0,0.75-1.5
16,CAR,00-0039150,0.23333333333333334,2.1747750000000003,0.650970756108348,0.7590600738844676,2.1747750000000003,0.1480626155090211,0.11238841986780508,0,2,0,0,<0.75
16,TB,00-0034855,0.4411764705882353,2.629875,0.6437342556783707,0.9369343743478449,2.629875,0.07534682931155745,0.07059503438011794,1,2,0,0,<0.75
16,CLE,00-0040668,0.125,1.3783500000000002,0.6576128106568707,0.47192938243110233,1.3783500000000002,0.11218831754333335,0.052944963414209706,1,2,0,0,<0.75
16,BUF,00-0034857,2.5,2.9712,0.54802051991226,1.3429214312366933,2.9712,0.23902133190723138,0.3209868691409598,3,3,0,0,1.5-2.5
16,DAL,00-0033077,0.56,2.9712,0.6553243430291794,1.0241003119917023,2.9712,0.12937517717728034,0.13249315931123454,0,2,0,0,<0.75
16,LAC,00-0036355,1.1818181818181819,2.74365,0.6222252563278518,1.0364816754760895,2.74365,0.15906850638721604,0.16487159201570073,2,4,1,1,0.75-1.5
16,NO,00-0040743,1.5454545454545454,2.5161000000000002,0.5886968549557501,1.0348798432458373,2.5161000000000002,0.44259156938427013,0.4580290939463226,0,2,0,0,1.5-2.5
16,NYJ,00-0040398,1.2,1.5300500000000001,0.6650897334763223,0.5124294532945531,1.5300500000000001,0.0,0.0,0,0,0,0,0.75-1.5
16,NYG,00-0040691,3.1666666666666665,1.98515,0.6180535772237383,0.7582209411742958,1.98515,0.46327056810440764,0.3512614461664747,0,0,0,0,2.5+
16,MIN,00-0039923,1.0,2.3644000000000003,0.6903331518666755,0.7321762957264324,2.3644000000000003,0.16895713123396558,0.12370640648344963,1,1,1,1,0.75-1.5
16,TEN,00-0040676,0.5882352941176471,1.6059,0.6822852700742801,0.5102180847877137,1.6059,0.211897970502428,0.10811417668015226,1,3,0,0,<0.75
16,KC,00-0037324,0.25,2.1368500000000004,0.6015308152245815,0.8514688774873531,2.1368500000000004,0.0,0.0,0,0,0,0,<0.75
16,ARI,00-0033119,0.8,2.5161000000000002,0.6961827269405998,0.764434640744757,2.5161000000000002,0.1840843923209587,0.14072048631058895,0,1,0,0,0.75-1.5
16,ATL,00-0029604,0.5833333333333334,2.89535,0.6006152994116394,1.15635849284851,2.89535,0.05717757261866919,0.06611777169806053,1,3,1,1,<0.75
16,DEN,00-0039732,1.6470588235294117,2.8195,0.63193883810052,1.037748445975584,2.8195,0.19175075879442194,0.1989890519535504,1,2,0,0,1.5-2.5
16,JAX,00-0036971,1.2592592592592593,2.2885500000000003,0.6233426309403121,0.861999221961549,2.2885500000000003,0.19575526561320813,0.16874088665346176,1,4,1,1,0.75-1.5
16,DET,00-0033106,0.3235294117647059,3.5780000000000003,0.5979151601926135,1.4386595568308291,3.5780000000000003,0.05169952735586273,0.0743780191141488,0,3,0,0,<0.75
16,PIT,00-0023459,0.06060606060606061,2.4402500000000003,0.626113486473187,0.9123765646338056,2.4402500000000003,0.07298236364347901,0.06658739821989254,2,3,0,0,<0.75
16,HOU,00-0039163,0.4838709677419355,3.1229000000000005,0.5844014839121172,1.2978726058908494,3.1229000000000005,0.12682359837365803,0.16460087410967403,0,1,0,0,<0.75
16,LV,00-0030565,0.9375,0.92325,0.7391592774498925,0.24082119709438674,0.92325,0.1981109787076142,0.047709323049908214,1,3,0,0,0.75-1.5
16,MIA,00-0040234,0.75,2.4402500000000003,0.6745579862268622,0.7941598741098995,2.4402500000000003,0.0,0.0,3,3,0,0,<0.75
16,CIN,00-0036442,0.4,2.9712,0.710369579798411,0.8605499045029613,2.9712,0.06730734576510188,0.05792132997050622,2,6,0,0,<0.75
16,IND,00-0022942,0.3333333333333333,2.2127000000000003,0.6229379922213079,0.8343251046119122,2.2127000000000003,0.1261577505748886,0.10525657844599746,1,3,0,0,<0.75
16,SF,00-0037834,1.0833333333333333,2.89535,0.5979664202803774,1.1640279250412093,2.89535,0.11463079495363336,0.13343344639570218,0,5,0,0,0.75-1.5
17,WAS,00-0026300,0.5,2.2127000000000003,0.6010861220691905,0.8826767376975022,2.2127000000000003,0.22936033461776542,0.20245103191761665,2,2,0,0,<0.75
17,DAL,00-0033077,0.56,3.5021500000000003,0.6505990670225026,1.2236544774271427,3.5021500000000003,0.174641915064355,0.21370136131494877,1,3,0,0,<0.75
17,MIN,00-0040494,0.0,1.947225,0.7144680040897863,0.5559950407362659,1.947225,0.0,0.0,2,2,0,0,<0.75
17,DET,00-0033106,0.3235294117647059,3.009125,0.6160312536517575,1.1554099538551552,3.009125,0.05154902678143741,0.05956025865481876,0,1,0,0,<0.75
17,KC,00-0037324,0.25,0.8474,0.6567405083437595,0.2908780932294982,0.8474,0.11551013480418162,0.03359936776052264,0,1,0,0,<0.75
17,DEN,00-0039732,1.6470588235294117,2.89535,0.6284271897148154,1.0758333362592094,2.89535,0.1489894783691685,0.16028784758142187,1,2,1,1,1.5-2.5
17,CAR,00-0039150,0.23333333333333334,1.7576,0.6695204720619432,0.5808508183039286,1.7576,0.1378068630655383,0.08004522917951536,1,1,1,1,<0.75
17,SEA,00-0034869,0.6764705882352942,2.74365,0.5934516484981118,1.1154263845981556,2.74365,0.07378215178371517,0.08229855881198177,2,3,0,0,<0.75
17,CIN,00-0036442,0.4,3.540075,0.6968619142468905,1.073131558922439,3.540075,0.06466441571735682,0.06939342524557579,3,5,0,0,<0.75
17,ARI,00-0033119,0.8,2.4781750000000002,0.7193778683358296,0.6954307511368555,2.4781750000000002,0.17093660014271791,0.11887456823403063,0,2,0,0,0.75-1.5
17,CLE,00-0040668,0.125,1.3783500000000002,0.6138022661267458,0.5323156464841999,1.3783500000000002,0.1690313154370019,0.08997801395292239,0,1,0,0,<0.75
17,PIT,00-0023459,0.06060606060606061,2.061,0.6032559416610884,0.8176895042364968,2.061,0.08140501367199944,0.06656402527182247,0,0,0,0,<0.75
17,GB,00-0038128,1.7,2.1368500000000004,0.5689921197861512,0.920999188834963,2.1368500000000004,0.1152520751712605,0.1061470677442771,2,3,2,1,1.5-2.5
17,BAL,00-0035993,2.3333333333333335,1.7576,0.5740522021149898,0.7486458495626941,1.7576,0.15401720208812408,0.11530433910453279,4,5,0,0,1.5-2.5
17,IND,00-0022942,0.3333333333333333,2.4402500000000003,0.6252950555695975,0.9143737406462897,2.4402500000000003,0.10397626198660392,0.09507316361110967,1,2,0,0,<0.75
17,JAX,00-0036971,1.2592592592592593,2.9712,0.6089141034141932,1.1619944159357494,2.9712,0.23894792413596688,0.2776561535454326,2,2,2,1,0.75-1.5
17,LAC,00-0036355,1.1818181818181819,2.2127000000000003,0.6131756711188615,0.8559261925152952,2.2127000000000003,0.23145834906841523,0.1981112634440048,1,2,0,0,0.75-1.5
17,HOU,00-0039163,0.4838709677419355,1.98515,0.6485304030458311,0.6977198703935684,1.98515,0.09448630984677428,0.06592497586025789,0,2,0,0,<0.75
17,LV,00-0030565,0.9375,1.871375,0.7103244591339205,0.5420915652882595,1.871375,0.206353690985466,0.11186259534932107,0,1,0,0,0.75-1.5
17,NYG,00-0040691,3.1666666666666665,2.3264750000000003,0.5834767453337946,0.9690309388995604,2.3264750000000003,0.35088663899379197,0.34002000923146536,3,3,2,1,2.5+
17,MIA,00-0040234,0.75,1.98515,0.6463851573929321,0.7019785048014208,1.98515,0.0935760657556965,0.06568838672438326,0,2,0,0,<0.75
17,TB,00-0034855,0.4411764705882353,2.8195,0.6215828152981359,1.066947252266906,2.8195,0.07031256372783726,0.07501979666925769,0,2,0,0,<0.75
17,NYJ,00-0040398,1.2,1.3025000000000002,0.6919976558079426,0.40117305331015485,1.3025000000000002,0.2528952065208459,0.10145474216746993,1,1,0,0,0.75-1.5
17,NE,00-0039851,0.8333333333333334,3.1987500000000004,0.5792394705480619,1.3459077435843871,3.1987500000000004,0.2115701503987456,0.28475390373298515,1,6,0,0,0.75-1.5
17,TEN,00-0040676,0.5882352941176471,1.9093,0.671636129089137,0.6269451387301108,1.9093,0.1857096666426871,0.11642977271682209,0,2,0,0,<0.75
17,NO,00-0040743,1.5454545454545454,2.1368500000000004,0.6268945809118905,0.7972703147784268,2.1368500000000004,0.40486560184539766,0.3227873258262374,1,3,0,0,1.5-2.5
17,BUF,00-0034857,2.5,2.705725,0.5517345546346941,1.2128830221610423,2.705725,0.2187842194086326,0.2653596652374869,2,2,2,1,1.5-2.5
17,PHI,00-0036389,3.774193548387097,2.2506250000000003,0.583496348742137,0.9373935301122281,2.2506250000000003,0.3250618170141733,0.30471084415561106,0,1,0,0,2.5+
17,SF,00-0037834,1.0833333333333333,3.1987500000000004,0.6122111720624142,1.240439513365353,3.1987500000000004,0.10379598470367021,0.1287526407550983,3,6,2,1,0.75-1.5
17,CHI,00-0039918,1.3235294117647058,2.6678,0.6126793622950413,1.033293997269289,2.6678,0.10478044449734797,0.10826900433031755,2,4,0,0,0.75-1.5
17,ATL,00-0029604,0.5833333333333334,2.1368500000000004,0.6226757665628762,0.8062852882201182,2.1368500000000004,0.09380379936727282,0.0756326234089837,1,2,0,0,<0.75
17,LA,00-0026498,0.48484848484848486,3.2746000000000004,0.6143326290851893,1.2629063727976393,3.2746000000000004,0.07593233996365582,0.09589543604153782,0,2,0,0,<0.75
18,ATL,00-0029604,0.5833333333333334,2.6678,0.5833053467595758,1.1116579959148039,2.6678,0.09418791992192155,0.10470475429978733,0,1,0,0,<0.75
18,NO,00-0040743,1.5454545454545454,1.98515,0.6595693508701389,0.6758059031201438,1.98515,0.3180424699971889,0.21493497866701144,1,2,1,1,1.5-2.5
18,BUF,00-0033869,0.5,2.9712,0.512474938639929,1.448534462313043,2.9712,0.016175668303211762,0.023431012988146982,1,5,0,0,<0.75
18,NYJ,00-0040398,1.2,1.0749500000000003,0.6803016552835726,0.3436597356529238,1.0749500000000003,0.21232482309132653,0.07296749257611908,0,1,0,0,0.75-1.5
18,CHI,00-0039918,1.3235294117647058,3.1987500000000004,0.6048845164240471,1.2638756530885797,3.1987500000000004,0.09875392405046836,0.12481268025434569,0,2,0,0,0.75-1.5
18,DET,00-0033106,0.3235294117647059,2.6678,0.6360502934976795,0.9709450270068907,2.6678,0.04918410236827688,0.047755059602276266,0,1,0,0,<0.75
18,CIN,00-0036442,0.4,3.3504500000000004,0.653150228823784,1.162102815837353,3.3504500000000004,0.0758720001925954,0.08817106506702731,0,3,0,0,<0.75
18,CLE,00-0040668,0.125,1.9093,0.6264175513722983,0.7132809691648709,1.9093,0.12483339799473409,0.08904128710582798,0,0,0,0,<0.75
18,DEN,00-0039732,1.6470588235294117,2.9712,0.6221701156597761,1.1226081523516733,2.9712,0.15742159424927954,0.17672276506043852,0,0,0,0,1.5-2.5
18,LAC,00-0037012,2.4285714285714284,0.7715500000000001,0.6669221707793371,0.2569861991352025,0.7715500000000001,0.15912001491140643,0.04089164783841908,0,0,0,0,1.5-2.5
18,HOU,00-0039163,0.4838709677419355,2.59195,0.6180249787099352,0.9900601564327834,2.59195,0.1027440420033355,0.10172278229835884,1,2,1,1,<0.75
18,IND,00-0040206,0.2,1.1508000000000003,0.6286746667292489,0.4273211935279805,1.1508000000000003,0.1571023385709799,0.06713315882418802,1,3,1,1,<0.75
18,JAX,00-0036971,1.2592592592592593,3.5021500000000003,0.588161003464869,1.442321941715509,3.5021500000000003,0.2625740448238465,0.3787163061744254,1,4,0,0,0.75-1.5
18,TEN,00-0032434,0.0,1.6059,0.7033459558155153,0.47639672955586404,1.6059,0.012898722156900678,0.006144909050997243,1,1,0,0,<0.75
18,LA,00-0026498,0.48484848484848486,3.8814,0.6098585438648662,1.5142950478429087,3.8814,0.07563977196212467,0.11454093210221225,0,4,0,0,<0.75
18,ARI,00-0033119,0.8,1.68175,0.7514167294036151,0.41805491532547023,1.68175,0.16741820280360767,0.06999000259700461,0,2,0,0,0.75-1.5
18,LV,00-0038579,1.0,1.5300500000000001,0.7058782791537015,0.4500209389808791,1.5300500000000001,0.0,0.0,0,0,0,0,0.75-1.5
18,KC,00-0037324,0.25,2.061,0.6179194258411198,0.787468063341452,2.061,0.148865568057853,0.11722688057674263,0,0,0,0,<0.75
18,MIN,00-0039923,1.0,2.8195,0.6312920984415582,1.0395719284440268,2.8195,0.20452690894307787,0.21262043314865134,1,1,0,0,0.75-1.5
18,GB,00-0038582,0.6666666666666666,0.92325,0.6101930247315068,0.3598892899166363,0.92325,0.0,0.0,0,0,0,0,<0.75
18,NE,00-0039851,0.8333333333333334,3.464225,0.5664044430051101,1.5020725684306226,3.464225,0.1895569889435092,0.284728353246352,4,5,0,0,0.75-1.5
18,MIA,00-0040234,0.75,1.3404250000000002,0.6783292585852272,0.4311755035608969,1.3404250000000002,0.09231204316506822,0.039802691696433544,0,1,0,0,<0.75
18,NYG,00-0040691,3.1666666666666665,2.629875,0.599248161772538,1.0539272405584466,2.629875,0.3523789696279295,0.3713817950907924,1,3,0,0,2.5+
18,DAL,00-0039398,1.0,3.084975,0.6628267382506399,1.0401710831652322,3.084975,0.02869077922640109,0.029843318904780165,2,2,0,0,0.75-1.5
18,PHI,00-0038400,0.5,2.1747750000000003,0.5763577513050648,0.9213265714055278,2.1747750000000003,0.19549171641412655,0.18011171282200897,1,2,0,0,<0.75
18,WAS,00-0026300,0.5,1.719675,0.577032011103651,0.727367476305329,1.719675,0.2011483338081272,0.14630875592503936,2,3,1,1,<0.75
18,PIT,00-0023459,0.06060606060606061,1.83345,0.6524506886668188,0.6372142848638211,1.83345,0.07990561702266298,0.05091700060769857,2,3,0,0,<0.75
18,BAL,00-0034796,3.6333333333333333,2.5161000000000002,0.5385062535058307,1.1611644155539795,2.5161000000000002,0.18262899773045707,0.21206229341289523,0,3,0,0,2.5+
18,SF,00-0037834,1.0833333333333333,2.4402500000000003,0.6197392389196371,0.9279313222263557,2.4402500000000003,0.12727735390682496,0.11810464330023189,0,0,0,0,0.75-1.5
18,SEA,00-0034869,0.6764705882352942,2.8195,0.5806344076433743,1.1824012876495062,2.8195,0.07103254624230901,0.08398897414192927,1,1,0,0,<0.75
18,TB,00-0034855,0.4411764705882353,2.554025,0.6457762121116013,0.9046964098616675,2.554025,0.06766468776376691,0.06121600009429064,0,1,0,0,<0.75
18,CAR,00-0039150,0.23333333333333334,2.0989250000000004,0.6534275682258665,0.7274295413615234,2.0989250000000004,0.1653242621203038,0.12026175217010487,0,2,0,0,<0.75
